{"cust_1": ["facil_1"], "cust_2": ["facil_18"], "cust_3": ["facil_2", "facil_4", "facil_5", "facil_23", "facil_29"], "cust_4": ["facil_30"], "cust_5": ["facil_5", "facil_8", "facil_23"], "cust_6": ["facil_7", "facil_11", "facil_13", "facil_27", "facil_28"], "cust_7": ["facil_11", "facil_27", "facil_28"], "cust_8": ["facil_15", "facil_19"], "cust_9": ["facil_5", "facil_23"], "cust_10": ["facil_11", "facil_26"], "cust_11": ["facil_5", "facil_8", "facil_12", "facil_23", "facil_25"], "cust_12": ["facil_1", "facil_2", "facil_4", "facil_29"], "cust_13": ["facil_10", "facil_15"], "cust_14": ["facil_1", "facil_2", "facil_4", "facil_12", "facil_23", "facil_25", "facil_29"], "cust_15": ["facil_17", "facil_22"], "cust_16": ["facil_16", "facil_22"], "cust_17": ["facil_2", "facil_4", "facil_29"], "cust_18": ["facil_12", "facil_25"], "cust_19": ["facil_6", "facil_10"], "cust_20": ["facil_5", "facil_8", "facil_12"], "cust_21": ["facil_2", "facil_4", "facil_12", "facil_23", "facil_25"], "cust_22": ["facil_21"], "cust_23": ["facil_5", "facil_12", "facil_23", "facil_25"], "cust_24": ["facil_20", "facil_24"], "cust_25": ["facil_27", "facil_28"], "cust_26": ["facil_11", "facil_27", "facil_28"], "cust_27": ["facil_17"], "cust_28": ["facil_2", "facil_4", "facil_12", "facil_23", "facil_25", "facil_29"], "cust_29": ["facil_6"], "cust_30": ["facil_1", "facil_2"], "cust_31": ["facil_16", "facil_19", "facil_22"], "cust_32": ["facil_17", "facil_22"], "cust_33": ["facil_7"], "cust_34": ["facil_17"], "cust_35": ["facil_8", "facil_12", "facil_23", "facil_25"], "cust_36": ["facil_1", "facil_2", "facil_4", "facil_25", "facil_29"], "cust_37": ["facil_1", "facil_2", "facil_4", "facil_29"], "cust_38": ["facil_18"], "cust_39": ["facil_16", "facil_19", "facil_22"], "cust_40": ["facil_27", "facil_28"], "cust_41": ["facil_1", "facil_2", "facil_4", "facil_23", "facil_25", "facil_29"], "cust_42": ["facil_18"], "cust_43": ["facil_18"], "cust_44": ["facil_8", "facil_12"], "cust_45": ["facil_24"], "cust_46": ["facil_14", "facil_15"], "cust_47": ["facil_1", "facil_2", "facil_4", "facil_23", "facil_25", "facil_29"], "cust_48": ["facil_26"], "cust_49": ["facil_21"], "cust_50": ["facil_15"], "cust_51": ["facil_6"], "cust_52": ["facil_1", "facil_2", "facil_4", "facil_29"], "cust_53": ["facil_11", "facil_13"], "cust_54": ["facil_12", "facil_25"], "cust_55": ["facil_7", "facil_27", "facil_28"], "cust_56": ["facil_3", "facil_9"], "cust_57": ["facil_21"], "cust_58": ["facil_17", "facil_22", "facil_26"], "cust_59": ["facil_20", "facil_24"], "cust_60": ["facil_17", "facil_22"], "cust_61": ["facil_8"], "cust_62": ["facil_5"], "cust_63": ["facil_2", "facil_4", "facil_5", "facil_23", "facil_25", "facil_29"], "cust_64": ["facil_5", "facil_23"], "cust_65": ["facil_3", "facil_14"], "cust_66": ["facil_6", "facil_10"], "cust_67": ["facil_12", "facil_23", "facil_25"], "cust_68": ["facil_1", "facil_2", "facil_4", "facil_29"], "cust_69": ["facil_10"], "cust_70": ["facil_5", "facil_12", "facil_23", "facil_25"], "cust_71": ["facil_5", "facil_12", "facil_23", "facil_25"], "cust_72": ["facil_3", "facil_9"], "cust_73": ["facil_14", "facil_19"], "cust_74": ["facil_2", "facil_4", "facil_12", "facil_23", "facil_25"], "cust_75": ["facil_8"], "cust_76": ["facil_3", "facil_9"], "cust_77": ["facil_11", "facil_27", "facil_28"], "cust_78": ["facil_29"], "cust_79": ["facil_18"], "cust_80": ["facil_1", "facil_2", "facil_4", "facil_29"], "cust_81": ["facil_8", "facil_12"], "cust_82": ["facil_2", "facil_4", "facil_23", "facil_29"], "cust_83": ["facil_5", "facil_23"], "cust_84": ["facil_14", "facil_19"], "cust_85": ["facil_17"], "cust_86": ["facil_14", "facil_18"], "cust_87": ["facil_20", "facil_24"], "cust_88": ["facil_27", "facil_28"], "cust_89": ["facil_30"], "cust_90": ["facil_5"]}