{"cust_1": ["facil_10"], "cust_2": ["facil_15"], "cust_3": ["facil_1", "facil_2"], "cust_4": ["facil_3", "facil_4"], "cust_5": ["facil_3", "facil_4"], "cust_6": ["facil_16"], "cust_7": ["facil_18", "facil_20"], "cust_8": ["facil_19", "facil_21"], "cust_9": ["facil_10"], "cust_10": ["facil_12"], "cust_11": ["facil_17", "facil_20"], "cust_12": ["facil_6", "facil_8", "facil_10"], "cust_13": ["facil_11"], "cust_14": ["facil_14", "facil_16"], "cust_15": ["facil_21"], "cust_16": ["facil_10"], "cust_17": ["facil_15"], "cust_18": ["facil_5", "facil_7", "facil_9"], "cust_19": ["facil_11"], "cust_20": ["facil_9"], "cust_21": ["facil_12", "facil_15"], "cust_22": ["facil_17", "facil_20"], "cust_23": ["facil_19"], "cust_24": ["facil_17"], "cust_25": ["facil_2"], "cust_26": ["facil_6"], "cust_27": ["facil_19", "facil_21"], "cust_28": ["facil_12", "facil_14"], "cust_29": ["facil_9"], "cust_30": ["facil_7", "facil_9"], "cust_31": ["facil_18"], "cust_32": ["facil_3", "facil_4"], "cust_33": ["facil_14"], "cust_34": ["facil_17", "facil_20"], "cust_35": ["facil_14", "facil_17"], "cust_36": ["facil_10"], "cust_37": ["facil_6", "facil_8"], "cust_38": ["facil_3", "facil_4"], "cust_39": ["facil_6"], "cust_40": ["facil_17", "facil_20"], "cust_41": ["facil_21"], "cust_42": ["facil_6", "facil_8"]}