{"cust_1": ["facil_1", "facil_8", "facil_22", "facil_28"], "cust_2": ["facil_4", "facil_17", "facil_18"], "cust_3": ["facil_42"], "cust_4": ["facil_6", "facil_46", "facil_47"], "cust_5": ["facil_6", "facil_27", "facil_48"], "cust_6": ["facil_42", "facil_44"], "cust_7": ["facil_4", "facil_17", "facil_18", "facil_47"], "cust_8": ["facil_3", "facil_20", "facil_35"], "cust_9": ["facil_8", "facil_48"], "cust_10": ["facil_43"], "cust_11": ["facil_14", "facil_18", "facil_25"], "cust_12": ["facil_6", "facil_14"], "cust_13": ["facil_5", "facil_12", "facil_37"], "cust_14": ["facil_39"], "cust_15": ["facil_30", "facil_34"], "cust_16": ["facil_24"], "cust_17": ["facil_40"], "cust_18": ["facil_6", "facil_27", "facil_48"], "cust_19": ["facil_21", "facil_29", "facil_34", "facil_50"], "cust_20": ["facil_21", "facil_34", "facil_50"], "cust_21": ["facil_7", "facil_23", "facil_48"], "cust_22": ["facil_5", "facil_12", "facil_46"], "cust_23": ["facil_9", "facil_16", "facil_38", "facil_49", "facil_50"], "cust_24": ["facil_5", "facil_9", "facil_38", "facil_49"], "cust_25": ["facil_17", "facil_37", "facil_42", "facil_44"], "cust_26": ["facil_11", "facil_32", "facil_38"], "cust_27": ["facil_12", "facil_18", "facil_46", "facil_47"], "cust_28": ["facil_40"], "cust_29": ["facil_2", "facil_16", "facil_29", "facil_50"], "cust_30": ["facil_4", "facil_17"], "cust_31": ["facil_1", "facil_8", "facil_22"], "cust_32": ["facil_7", "facil_8", "facil_23", "facil_26", "facil_48"], "cust_33": ["facil_40"], "cust_34": ["facil_11", "facil_12", "facil_32", "facil_46"], "cust_35": ["facil_11", "facil_32", "facil_46"], "cust_36": ["facil_43"], "cust_37": ["facil_5", "facil_11", "facil_12", "facil_38", "facil_46"], "cust_38": ["facil_36"], "cust_39": ["facil_2", "facil_9", "facil_11", "facil_16", "facil_38", "facil_50"], "cust_40": ["facil_1", "facil_8", "facil_22"], "cust_41": ["facil_7"], "cust_42": ["facil_14", "facil_25"], "cust_43": ["facil_43"], "cust_44": ["facil_6", "facil_7", "facil_23", "facil_48"], "cust_45": ["facil_3", "facil_22", "facil_28"], "cust_46": ["facil_28"], "cust_47": ["facil_3", "facil_20", "facil_35"], "cust_48": ["facil_11", "facil_27", "facil_32", "facil_46"], "cust_49": ["facil_14", "facil_25"], "cust_50": ["facil_6", "facil_23", "facil_48"], "cust_51": ["facil_15", "facil_17", "facil_37", "facil_44"], "cust_52": ["facil_14", "facil_24", "facil_25"], "cust_53": ["facil_7", "facil_8", "facil_26"], "cust_54": ["facil_9", "facil_11", "facil_16", "facil_38"], "cust_55": ["facil_4", "facil_17", "facil_37", "facil_44"], "cust_56": ["facil_2", "facil_22"], "cust_57": ["facil_1", "facil_2", "facil_22", "facil_32"], "cust_58": ["facil_42", "facil_44"], "cust_59": ["facil_11", "facil_32", "facil_38"], "cust_60": ["facil_8", "facil_26", "facil_48"], "cust_61": ["facil_21", "facil_29"], "cust_62": ["facil_2", "facil_9", "facil_16", "facil_50"], "cust_63": ["facil_14", "facil_18", "facil_25"], "cust_64": ["facil_2", "facil_16", "facil_21", "facil_29"], "cust_65": ["facil_34"], "cust_66": ["facil_5", "facil_9", "facil_11", "facil_38", "facil_49"], "cust_67": ["facil_7", "facil_23"], "cust_68": ["facil_6", "facil_27", "facil_48"], "cust_69": ["facil_35", "facil_36"], "cust_70": ["facil_21", "facil_34", "facil_50"], "cust_71": ["facil_2", "facil_16", "facil_50"], "cust_72": ["facil_12", "facil_46", "facil_47"], "cust_73": ["facil_9", "facil_16", "facil_34", "facil_38", "facil_50"], "cust_74": ["facil_13"], "cust_75": ["facil_43"], "cust_76": ["facil_43"], "cust_77": ["facil_40"], "cust_78": ["facil_5", "facil_38", "facil_49"], "cust_79": ["facil_15", "facil_37", "facil_44", "facil_45"], "cust_80": ["facil_7", "facil_23", "facil_43"], "cust_81": ["facil_21"], "cust_82": ["facil_5", "facil_9", "facil_11", "facil_16", "facil_38", "facil_49"], "cust_83": ["facil_40"], "cust_84": ["facil_15", "facil_33", "facil_45"], "cust_85": ["facil_5", "facil_9", "facil_38", "facil_49"], "cust_86": ["facil_2", "facil_11", "facil_16"], "cust_87": ["facil_9", "facil_10", "facil_30", "facil_49"], "cust_88": ["facil_21", "facil_34"], "cust_89": ["facil_23", "facil_24", "facil_43"], "cust_90": ["facil_19", "facil_42"], "cust_91": ["facil_2", "facil_11", "facil_16", "facil_38", "facil_50"], "cust_92": ["facil_3", "facil_22", "facil_28"], "cust_93": ["facil_3", "facil_22", "facil_28"], "cust_94": ["facil_21", "facil_29"], "cust_95": ["facil_19", "facil_42"], "cust_96": ["facil_5", "facil_11", "facil_12", "facil_38", "facil_46"], "cust_97": ["facil_36"], "cust_98": ["facil_7"], "cust_99": ["facil_7", "facil_43"], "cust_100": ["facil_43"]}