{"cust_1": ["facil_15", "facil_44", "facil_45"], "cust_2": ["facil_12", "facil_46", "facil_47"], "cust_3": ["facil_6", "facil_14"], "cust_4": ["facil_5", "facil_12", "facil_38"], "cust_5": ["facil_11", "facil_32", "facil_38"], "cust_6": ["facil_15", "facil_44", "facil_45"], "cust_7": ["facil_6", "facil_18", "facil_47"], "cust_8": ["facil_28", "facil_31"], "cust_9": ["facil_1", "facil_11", "facil_27", "facil_32", "facil_46"], "cust_10": ["facil_4", "facil_17", "facil_18", "facil_47"], "cust_11": ["facil_40"], "cust_12": ["facil_9", "facil_30", "facil_34", "facil_49", "facil_50"], "cust_13": ["facil_8", "facil_26", "facil_31"], "cust_14": ["facil_12", "facil_18", "facil_46", "facil_47"], "cust_15": ["facil_21", "facil_29", "facil_34", "facil_50"], "cust_16": ["facil_10", "facil_15"], "cust_17": ["facil_5", "facil_11", "facil_38", "facil_49"], "cust_18": ["facil_19", "facil_41", "facil_42"], "cust_19": ["facil_19", "facil_42"], "cust_20": ["facil_3", "facil_20", "facil_35"], "cust_21": ["facil_22", "facil_28", "facil_31"], "cust_22": ["facil_4", "facil_17", "facil_18", "facil_47"], "cust_23": ["facil_21", "facil_29"], "cust_24": ["facil_5", "facil_38", "facil_49"], "cust_25": ["facil_14", "facil_24", "facil_25"], "cust_26": ["facil_9", "facil_30", "facil_34", "facil_49", "facil_50"], "cust_27": ["facil_19", "facil_40", "facil_41"], "cust_28": ["facil_7", "facil_8", "facil_23", "facil_48"], "cust_29": ["facil_1", "facil_2", "facil_11", "facil_32"], "cust_30": ["facil_42"], "cust_31": ["facil_40"], "cust_32": ["facil_39"], "cust_33": ["facil_1", "facil_8", "facil_22", "facil_28"], "cust_34": ["facil_1", "facil_22", "facil_32"], "cust_35": ["facil_4", "facil_18", "facil_47"], "cust_36": ["facil_6", "facil_23", "facil_48"], "cust_37": ["facil_13"], "cust_38": ["facil_8", "facil_26", "facil_31"], "cust_39": ["facil_43"], "cust_40": ["facil_15", "facil_45"], "cust_41": ["facil_4", "facil_13", "facil_18"], "cust_42": ["facil_7", "facil_23", "facil_43"], "cust_43": ["facil_33", "facil_45"], "cust_44": ["facil_35", "facil_36"], "cust_45": ["facil_40"], "cust_46": ["facil_9", "facil_10", "facil_30", "facil_34", "facil_49"], "cust_47": ["facil_9", "facil_10", "facil_30", "facil_49"], "cust_48": ["facil_40"], "cust_49": ["facil_20", "facil_29"], "cust_50": ["facil_9", "facil_11", "facil_16", "facil_38"], "cust_51": ["facil_6", "facil_27", "facil_48"], "cust_52": ["facil_13", "facil_25"], "cust_53": ["facil_8", "facil_27", "facil_48"], "cust_54": ["facil_10", "facil_39"], "cust_55": ["facil_3", "facil_20", "facil_35", "facil_36"], "cust_56": ["facil_1", "facil_8", "facil_27", "facil_48"], "cust_57": ["facil_11", "facil_32", "facil_38"], "cust_58": ["facil_3", "facil_36"], "cust_59": ["facil_12", "facil_46", "facil_47"], "cust_60": ["facil_30", "facil_34"], "cust_61": ["facil_4", "facil_12", "facil_17", "facil_37", "facil_47"], "cust_62": ["facil_1", "facil_2", "facil_22"], "cust_63": ["facil_33", "facil_45"], "cust_64": ["facil_9", "facil_16", "facil_38", "facil_50"], "cust_65": ["facil_15", "facil_33", "facil_45"], "cust_66": ["facil_4", "facil_13", "facil_18"], "cust_67": ["facil_3", "facil_20", "facil_35", "facil_36"], "cust_68": ["facil_33", "facil_45"], "cust_69": ["facil_21", "facil_29"], "cust_70": ["facil_14", "facil_24", "facil_25"], "cust_71": ["facil_4", "facil_41"], "cust_72": ["facil_1", "facil_2", "facil_22", "facil_32"], "cust_73": ["facil_33", "facil_39"], "cust_74": ["facil_10", "facil_30", "facil_39"], "cust_75": ["facil_35", "facil_36"], "cust_76": ["facil_5", "facil_9", "facil_38", "facil_49"], "cust_77": ["facil_7", "facil_23"], "cust_78": ["facil_4", "facil_12", "facil_17", "facil_37", "facil_47"], "cust_79": ["facil_4", "facil_17", "facil_18", "facil_47"], "cust_80": ["facil_24"], "cust_81": ["facil_3", "facil_28"], "cust_82": ["facil_5", "facil_15", "facil_37"], "cust_83": ["facil_14", "facil_18", "facil_25"], "cust_84": ["facil_8", "facil_26", "facil_31"], "cust_85": ["facil_10", "facil_33"], "cust_86": ["facil_3", "facil_28"], "cust_87": ["facil_1", "facil_27", "facil_32", "facil_46"], "cust_88": ["facil_5", "facil_10", "facil_49"], "cust_89": ["facil_9", "facil_10", "facil_49"], "cust_90": ["facil_42"], "cust_91": ["facil_39"], "cust_92": ["facil_21"], "cust_93": ["facil_4", "facil_18", "facil_47"], "cust_94": ["facil_4", "facil_41"], "cust_95": ["facil_1", "facil_27", "facil_32"], "cust_96": ["facil_43"], "cust_97": ["facil_2", "facil_21", "facil_29"], "cust_98": ["facil_2", "facil_20", "facil_22"], "cust_99": ["facil_8", "facil_26", "facil_48"], "cust_100": ["facil_5", "facil_49"], "cust_101": ["facil_1", "facil_2", "facil_11", "facil_32"], "cust_102": ["facil_43"], "cust_103": ["facil_4", "facil_19", "facil_41", "facil_42"], "cust_104": ["facil_5", "facil_10", "facil_49"], "cust_105": ["facil_12", "facil_17", "facil_37", "facil_47"], "cust_106": ["facil_33", "facil_45"], "cust_107": ["facil_3", "facil_36"], "cust_108": ["facil_6", "facil_23", "facil_48"], "cust_109": ["facil_42", "facil_44"], "cust_110": ["facil_8", "facil_26"], "cust_111": ["facil_6", "facil_14", "facil_18"], "cust_112": ["facil_6", "facil_27", "facil_46"], "cust_113": ["facil_13", "facil_41"], "cust_114": ["facil_1", "facil_27", "facil_32", "facil_48"], "cust_115": ["facil_19", "facil_40", "facil_41"], "cust_116": ["facil_12", "facil_46", "facil_47"], "cust_117": ["facil_7", "facil_43"], "cust_118": ["facil_21", "facil_30", "facil_34", "facil_50"], "cust_119": ["facil_5", "facil_49"], "cust_120": ["facil_15", "facil_44", "facil_45"], "cust_121": ["facil_3", "facil_20", "facil_29"], "cust_122": ["facil_5", "facil_9", "facil_11", "facil_38", "facil_49"], "cust_123": ["facil_42", "facil_44"], "cust_124": ["facil_17", "facil_37", "facil_44"], "cust_125": ["facil_10", "facil_33", "facil_45"], "cust_126": ["facil_5", "facil_9", "facil_16", "facil_38", "facil_49", "facil_50"], "cust_127": ["facil_14", "facil_18", "facil_25"], "cust_128": ["facil_42"], "cust_129": ["facil_19", "facil_40", "facil_41"], "cust_130": ["facil_1", "facil_22"], "cust_131": ["facil_28", "facil_31"], "cust_132": ["facil_7", "facil_8", "facil_23", "facil_26", "facil_48"], "cust_133": ["facil_23", "facil_24", "facil_43"], "cust_134": ["facil_33", "facil_45"], "cust_135": ["facil_2", "facil_11", "facil_16"], "cust_136": ["facil_6", "facil_14", "facil_18"], "cust_137": ["facil_9", "facil_30", "facil_34", "facil_38", "facil_49", "facil_50"], "cust_138": ["facil_42", "facil_44"], "cust_139": ["facil_5", "facil_11", "facil_38"], "cust_140": ["facil_10", "facil_30"], "cust_141": ["facil_35", "facil_36"], "cust_142": ["facil_13"], "cust_143": ["facil_5", "facil_15", "facil_49"], "cust_144": ["facil_9", "facil_10", "facil_30", "facil_34", "facil_49"], "cust_145": ["facil_24", "facil_43"], "cust_146": ["facil_16", "facil_21", "facil_29", "facil_50"], "cust_147": ["facil_15", "facil_44", "facil_45"], "cust_148": ["facil_3", "facil_35", "facil_36"], "cust_149": ["facil_5", "facil_11", "facil_32", "facil_38", "facil_46"], "cust_150": ["facil_5", "facil_12", "facil_46"]}