{"cust_1": ["facil_13", "facil_18", "facil_32", "facil_35"], "cust_2": ["facil_2", "facil_5", "facil_11", "facil_24", "facil_25", "facil_30", "facil_39"], "cust_3": ["facil_6", "facil_8", "facil_17", "facil_28", "facil_31", "facil_40"], "cust_4": ["facil_12", "facil_19", "facil_23", "facil_37"], "cust_5": ["facil_21", "facil_29"], "cust_6": ["facil_19", "facil_37"], "cust_7": ["facil_5", "facil_11", "facil_24", "facil_25", "facil_30"], "cust_8": ["facil_2", "facil_5", "facil_11", "facil_24", "facil_30", "facil_39"], "cust_9": ["facil_9", "facil_22", "facil_33"], "cust_10": ["facil_19", "facil_37"], "cust_11": ["facil_1", "facil_4", "facil_7", "facil_14", "facil_15", "facil_26"], "cust_12": ["facil_34"], "cust_13": ["facil_2", "facil_5", "facil_11", "facil_24", "facil_30", "facil_36"], "cust_14": ["facil_6", "facil_16", "facil_17", "facil_20", "facil_28", "facil_40"], "cust_15": ["facil_1", "facil_4", "facil_10", "facil_14", "facil_15", "facil_36"], "cust_16": ["facil_13", "facil_18", "facil_35"], "cust_17": ["facil_6", "facil_8", "facil_17", "facil_20", "facil_28", "facil_31", "facil_38", "facil_40"], "cust_18": ["facil_3"], "cust_19": ["facil_18", "facil_32", "facil_35"], "cust_20": ["facil_13", "facil_18", "facil_32", "facil_35"], "cust_21": ["facil_1", "facil_4", "facil_7", "facil_14", "facil_15", "facil_26", "facil_34"], "cust_22": ["facil_13", "facil_18", "facil_32", "facil_35"], "cust_23": ["facil_13", "facil_18", "facil_35"], "cust_24": ["facil_5", "facil_24", "facil_25"], "cust_25": ["facil_3", "facil_19", "facil_23"], "cust_26": ["facil_2", "facil_6", "facil_10", "facil_11", "facil_16", "facil_28", "facil_30", "facil_36", "facil_39"], "cust_27": ["facil_13", "facil_18", "facil_32", "facil_35"], "cust_28": ["facil_5", "facil_11", "facil_24", "facil_25"], "cust_29": ["facil_7", "facil_9", "facil_22", "facil_33"], "cust_30": ["facil_1", "facil_4", "facil_7", "facil_14", "facil_15", "facil_26", "facil_34"], "cust_31": ["facil_1", "facil_4", "facil_14", "facil_15", "facil_26"], "cust_32": ["facil_3", "facil_19", "facil_23"], "cust_33": ["facil_3", "facil_19"], "cust_34": ["facil_12", "facil_23"], "cust_35": ["facil_8", "facil_17", "facil_31", "facil_40"], "cust_36": ["facil_1", "facil_4", "facil_10", "facil_14", "facil_15", "facil_16", "facil_27", "facil_36"], "cust_37": ["facil_5", "facil_11", "facil_24", "facil_25", "facil_30"], "cust_38": ["facil_8", "facil_17", "facil_21", "facil_29", "facil_31", "facil_38", "facil_40"], "cust_39": ["facil_21", "facil_29"], "cust_40": ["facil_7", "facil_22", "facil_33"], "cust_41": ["facil_1", "facil_4", "facil_7", "facil_14", "facil_15", "facil_22", "facil_26", "facil_33"], "cust_42": ["facil_1", "facil_7", "facil_9", "facil_22", "facil_26", "facil_33"], "cust_43": ["facil_5", "facil_11", "facil_24", "facil_25", "facil_30"], "cust_44": ["facil_18", "facil_20", "facil_32", "facil_38"], "cust_45": ["facil_1", "facil_4", "facil_10", "facil_14", "facil_15", "facil_26"], "cust_46": ["facil_13", "facil_19", "facil_37"], "cust_47": ["facil_7", "facil_9", "facil_22", "facil_33"], "cust_48": ["facil_13", "facil_18", "facil_32", "facil_35"], "cust_49": ["facil_7", "facil_22", "facil_26", "facil_33"], "cust_50": ["facil_13", "facil_18", "facil_32", "facil_35"], "cust_51": ["facil_5", "facil_24", "facil_25"], "cust_52": ["facil_20", "facil_32", "facil_38"], "cust_53": ["facil_13", "facil_18", "facil_32", "facil_35"], "cust_54": ["facil_5", "facil_11", "facil_24", "facil_25", "facil_30"], "cust_55": ["facil_8", "facil_17", "facil_31", "facil_40"], "cust_56": ["facil_8", "facil_17", "facil_21", "facil_29", "facil_31", "facil_38", "facil_40"], "cust_57": ["facil_1", "facil_4", "facil_10", "facil_14", "facil_15", "facil_16", "facil_27"], "cust_58": ["facil_7", "facil_9", "facil_22", "facil_26", "facil_33"], "cust_59": ["facil_13", "facil_18", "facil_32", "facil_35"], "cust_60": ["facil_21", "facil_29"], "cust_61": ["facil_10", "facil_11", "facil_15", "facil_36"], "cust_62": ["facil_2", "facil_5", "facil_11", "facil_24", "facil_25", "facil_30", "facil_39"], "cust_63": ["facil_1", "facil_7", "facil_22", "facil_26", "facil_33", "facil_34"], "cust_64": ["facil_4", "facil_10", "facil_16", "facil_27", "facil_36"], "cust_65": ["facil_2", "facil_5", "facil_11", "facil_24", "facil_30", "facil_39"], "cust_66": ["facil_6", "facil_16", "facil_17", "facil_20", "facil_28", "facil_38", "facil_40"], "cust_67": ["facil_2", "facil_6", "facil_10", "facil_16", "facil_27", "facil_28", "facil_30", "facil_36", "facil_39"], "cust_68": ["facil_2", "facil_5", "facil_11", "facil_24", "facil_30", "facil_39"], "cust_69": ["facil_8", "facil_17", "facil_21", "facil_31", "facil_40"], "cust_70": ["facil_7", "facil_22", "facil_33"], "cust_71": ["facil_1", "facil_4", "facil_7", "facil_14", "facil_15", "facil_26", "facil_37"], "cust_72": ["facil_13", "facil_18", "facil_20", "facil_32", "facil_35"], "cust_73": ["facil_20", "facil_32", "facil_38"], "cust_74": ["facil_9", "facil_12", "facil_23"], "cust_75": ["facil_13", "facil_18", "facil_32", "facil_35"], "cust_76": ["facil_13", "facil_18", "facil_32", "facil_35"], "cust_77": ["facil_2", "facil_5", "facil_11", "facil_24", "facil_25", "facil_30", "facil_39"], "cust_78": ["facil_8", "facil_17", "facil_21", "facil_31", "facil_40"], "cust_79": ["facil_6", "facil_8", "facil_16", "facil_17", "facil_28", "facil_31", "facil_40"], "cust_80": ["facil_8", "facil_17", "facil_31", "facil_40"], "cust_81": ["facil_1", "facil_4", "facil_7", "facil_14", "facil_22", "facil_26", "facil_33"], "cust_82": ["facil_1", "facil_7", "facil_26", "facil_34"], "cust_83": ["facil_6", "facil_8", "facil_17", "facil_20", "facil_28", "facil_31", "facil_38", "facil_40"], "cust_84": ["facil_6", "facil_8", "facil_17", "facil_31", "facil_40"], "cust_85": ["facil_2", "facil_6", "facil_28", "facil_30", "facil_39"], "cust_86": ["facil_16", "facil_20", "facil_27", "facil_32"], "cust_87": ["facil_16", "facil_20", "facil_27"], "cust_88": ["facil_1", "facil_4", "facil_7", "facil_14", "facil_15", "facil_26"], "cust_89": ["facil_5", "facil_11", "facil_24", "facil_25"], "cust_90": ["facil_1", "facil_4", "facil_14", "facil_15", "facil_26", "facil_27"], "cust_91": ["facil_1", "facil_4", "facil_10", "facil_14", "facil_15", "facil_16", "facil_27", "facil_36"], "cust_92": ["facil_2", "facil_5", "facil_11", "facil_24", "facil_25", "facil_30", "facil_39"], "cust_93": ["facil_1", "facil_7", "facil_26", "facil_34"], "cust_94": ["facil_17", "facil_20", "facil_31", "facil_38", "facil_40"], "cust_95": ["facil_2", "facil_5", "facil_11", "facil_24", "facil_30", "facil_39"], "cust_96": ["facil_1", "facil_4", "facil_7", "facil_14", "facil_15", "facil_26"], "cust_97": ["facil_18", "facil_20", "facil_32", "facil_38"], "cust_98": ["facil_4", "facil_10", "facil_14", "facil_15", "facil_16", "facil_27", "facil_36"], "cust_99": ["facil_2", "facil_5", "facil_11", "facil_24", "facil_30", "facil_39"], "cust_100": ["facil_1", "facil_4", "facil_7", "facil_14", "facil_15", "facil_26", "facil_37"], "cust_101": ["facil_13", "facil_18", "facil_32", "facil_35"], "cust_102": ["facil_2", "facil_6", "facil_10", "facil_16", "facil_27", "facil_28", "facil_36"], "cust_103": ["facil_18", "facil_20", "facil_32"], "cust_104": ["facil_3"], "cust_105": ["facil_4", "facil_14", "facil_19", "facil_37"], "cust_106": ["facil_8", "facil_17", "facil_21", "facil_29", "facil_31", "facil_40"], "cust_107": ["facil_2", "facil_6", "facil_10", "facil_11", "facil_16", "facil_28", "facil_30", "facil_36", "facil_39"], "cust_108": ["facil_10", "facil_11", "facil_15", "facil_16", "facil_27", "facil_36"], "cust_109": ["facil_1", "facil_4", "facil_7", "facil_14", "facil_15", "facil_26"], "cust_110": ["facil_3"], "cust_111": ["facil_1", "facil_4", "facil_7", "facil_14", "facil_15", "facil_26"], "cust_112": ["facil_1", "facil_4", "facil_14", "facil_15", "facil_37"], "cust_113": ["facil_8", "facil_21", "facil_29", "facil_31"], "cust_114": ["facil_8", "facil_21", "facil_29", "facil_31", "facil_38", "facil_40"], "cust_115": ["facil_7", "facil_22", "facil_33"], "cust_116": ["facil_5", "facil_24", "facil_25", "facil_30"], "cust_117": ["facil_2", "facil_5", "facil_11", "facil_24", "facil_25", "facil_30", "facil_39"], "cust_118": ["facil_7", "facil_22", "facil_33"], "cust_119": ["facil_2", "facil_6", "facil_10", "facil_11", "facil_28", "facil_30", "facil_36", "facil_39"], "cust_120": ["facil_8", "facil_21", "facil_29", "facil_31", "facil_40"]}