{"cust_1": ["facil_3", "facil_20", "facil_22"], "cust_2": ["facil_7", "facil_9", "facil_11", "facil_12", "facil_13", "facil_15", "facil_16", "facil_17"], "cust_3": ["facil_1", "facil_4", "facil_5", "facil_6", "facil_24"], "cust_4": ["facil_1", "facil_4", "facil_5", "facil_6", "facil_24", "facil_25"], "cust_5": ["facil_1", "facil_4", "facil_5", "facil_6", "facil_24"], "cust_6": ["facil_1", "facil_4", "facil_5", "facil_6", "facil_24", "facil_25", "facil_29"], "cust_7": ["facil_18", "facil_21", "facil_23"], "cust_8": ["facil_7", "facil_9", "facil_17"], "cust_9": ["facil_19", "facil_20", "facil_22"], "cust_10": ["facil_8", "facil_9", "facil_10", "facil_11", "facil_12", "facil_13", "facil_15", "facil_16", "facil_17"], "cust_11": ["facil_18", "facil_23"], "cust_12": ["facil_21"], "cust_13": ["facil_7", "facil_9", "facil_13", "facil_17"], "cust_14": ["facil_8", "facil_10", "facil_11", "facil_12", "facil_14"], "cust_15": ["facil_25", "facil_27", "facil_29"], "cust_16": ["facil_19", "facil_20", "facil_22"], "cust_17": ["facil_22"], "cust_18": ["facil_19", "facil_20", "facil_22"], "cust_19": ["facil_7", "facil_9", "facil_10", "facil_11", "facil_12", "facil_13", "facil_15", "facil_16", "facil_17"], "cust_20": ["facil_18", "facil_19", "facil_20"], "cust_21": ["facil_21"], "cust_22": ["facil_19", "facil_20"], "cust_23": ["facil_18", "facil_21", "facil_23"], "cust_24": ["facil_2"], "cust_25": ["facil_26", "facil_28"], "cust_26": ["facil_22"], "cust_27": ["facil_10", "facil_11", "facil_15", "facil_18", "facil_23"], "cust_28": ["facil_18", "facil_19", "facil_23"], "cust_29": ["facil_8", "facil_10", "facil_11", "facil_12", "facil_15", "facil_16"], "cust_30": ["facil_7", "facil_13", "facil_16", "facil_17"], "cust_31": ["facil_13", "facil_15", "facil_16"], "cust_32": ["facil_14"], "cust_33": ["facil_26", "facil_28"], "cust_34": ["facil_1", "facil_24", "facil_25", "facil_29"], "cust_35": ["facil_2", "facil_3", "facil_4"], "cust_36": ["facil_21"], "cust_37": ["facil_2"], "cust_38": ["facil_19", "facil_20", "facil_22"], "cust_39": ["facil_2", "facil_4"], "cust_40": ["facil_19", "facil_20", "facil_22"], "cust_41": ["facil_7", "facil_9", "facil_10", "facil_11", "facil_12", "facil_13", "facil_15", "facil_16", "facil_17"], "cust_42": ["facil_19", "facil_20", "facil_22"], "cust_43": ["facil_8", "facil_9", "facil_10", "facil_11", "facil_12", "facil_13", "facil_14", "facil_15", "facil_17"], "cust_44": ["facil_7", "facil_13", "facil_16", "facil_17"], "cust_45": ["facil_7"], "cust_46": ["facil_7", "facil_9", "facil_10", "facil_11", "facil_12", "facil_13", "facil_15", "facil_16", "facil_17"], "cust_47": ["facil_1", "facil_4", "facil_6", "facil_24", "facil_25", "facil_29"], "cust_48": ["facil_19", "facil_20", "facil_22"], "cust_49": ["facil_18", "facil_23"], "cust_50": ["facil_8", "facil_9", "facil_12", "facil_14", "facil_17"], "cust_51": ["facil_18", "facil_23"], "cust_52": ["facil_19", "facil_20", "facil_22"], "cust_53": ["facil_7", "facil_8", "facil_9", "facil_10", "facil_11", "facil_12", "facil_13", "facil_14", "facil_15", "facil_16", "facil_17"], "cust_54": ["facil_1", "facil_6", "facil_24", "facil_25", "facil_29"], "cust_55": ["facil_8", "facil_9", "facil_14", "facil_17"], "cust_56": ["facil_7", "facil_13", "facil_16"], "cust_57": ["facil_10", "facil_11", "facil_13", "facil_15", "facil_16"], "cust_58": ["facil_28"]}