{"cust_1": ["facil_49", "facil_64"], "cust_2": ["facil_5", "facil_6", "facil_37", "facil_59", "facil_61", "facil_85", "facil_91", "facil_92", "facil_93", "facil_94", "facil_95", "facil_96", "facil_97", "facil_98", "facil_99", "facil_100"], "cust_3": ["facil_12", "facil_26", "facil_54", "facil_68", "facil_80"], "cust_4": ["facil_2", "facil_21", "facil_22", "facil_41", "facil_72", "facil_73", "facil_74", "facil_75"], "cust_5": ["facil_3", "facil_29", "facil_33", "facil_34", "facil_77", "facil_78", "facil_79", "facil_81"], "cust_6": ["facil_22", "facil_23", "facil_41", "facil_56", "facil_72", "facil_74", "facil_75"], "cust_7": ["facil_22", "facil_23", "facil_41", "facil_56", "facil_72", "facil_73", "facil_74", "facil_75"], "cust_8": ["facil_25", "facil_39", "facil_67"], "cust_9": ["facil_5", "facil_17", "facil_18", "facil_45", "facil_60", "facil_61", "facil_83", "facil_84", "facil_99"], "cust_10": ["facil_2", "facil_21", "facil_22", "facil_40", "facil_72", "facil_73", "facil_74", "facil_75"], "cust_11": ["facil_13", "facil_26", "facil_27", "facil_28", "facil_40", "facil_53", "facil_58"], "cust_12": ["facil_5", "facil_6", "facil_16", "facil_37", "facil_59", "facil_60", "facil_61", "facil_84", "facil_85", "facil_91", "facil_92", "facil_93", "facil_95", "facil_96", "facil_98", "facil_99", "facil_100"], "cust_13": ["facil_24", "facil_25", "facil_54", "facil_55"], "cust_14": ["facil_66"], "cust_15": ["facil_2", "facil_15", "facil_22", "facil_41", "facil_57", "facil_73", "facil_74"], "cust_16": ["facil_14", "facil_42", "facil_44", "facil_100"], "cust_17": ["facil_2", "facil_6", "facil_13", "facil_40", "facil_58", "facil_87", "facil_92", "facil_94", "facil_95", "facil_96", "facil_97"], "cust_18": ["facil_2", "facil_13", "facil_37", "facil_42", "facil_57", "facil_87", "facil_92", "facil_95", "facil_97"], "cust_19": ["facil_3", "facil_9", "facil_33", "facil_50", "facil_51", "facil_78", "facil_79", "facil_81"], "cust_20": ["facil_6", "facil_13", "facil_53", "facil_89", "facil_94", "facil_95", "facil_96"], "cust_21": ["facil_16", "facil_44", "facil_61", "facil_85", "facil_86", "facil_91"], "cust_22": ["facil_4", "facil_21", "facil_54", "facil_72", "facil_73"], "cust_23": ["facil_9", "facil_20", "facil_51", "facil_66", "facil_71"], "cust_24": ["facil_38"], "cust_25": ["facil_2", "facil_13", "facil_40", "facil_53", "facil_58", "facil_87", "facil_94"], "cust_26": ["facil_8", "facil_45", "facil_46", "facil_48", "facil_82"], "cust_27": ["facil_3", "facil_29", "facil_33", "facil_77", "facil_78", "facil_79", "facil_81"], "cust_28": ["facil_5", "facil_6", "facil_13", "facil_37", "facil_59", "facil_85", "facil_87", "facil_91", "facil_92", "facil_93", "facil_94", "facil_95", "facil_96", "facil_97", "facil_98", "facil_99", "facil_100"], "cust_29": ["facil_24", "facil_29"], "cust_30": ["facil_15", "facil_43"], "cust_31": ["facil_1", "facil_27", "facil_28", "facil_69"], "cust_32": ["facil_64"], "cust_33": ["facil_66", "facil_71"], "cust_34": ["facil_22", "facil_41", "facil_74", "facil_75"], "cust_35": ["facil_6", "facil_13", "facil_37", "facil_59", "facil_87", "facil_92", "facil_93", "facil_94", "facil_95", "facil_96", "facil_97", "facil_98", "facil_99", "facil_100"], "cust_36": ["facil_5", "facil_16", "facil_37", "facil_44", "facil_61", "facil_84", "facil_85", "facil_86", "facil_91", "facil_93", "facil_98", "facil_99", "facil_100"], "cust_37": ["facil_4", "facil_21", "facil_56", "facil_72", "facil_73", "facil_74", "facil_75"], "cust_38": ["facil_7", "facil_48", "facil_62", "facil_82", "facil_88"], "cust_39": ["facil_1", "facil_27", "facil_28", "facil_52", "facil_69"], "cust_40": ["facil_5", "facil_6", "facil_18", "facil_59", "facil_60", "facil_61", "facil_83", "facil_84", "facil_85", "facil_89", "facil_92", "facil_93", "facil_94", "facil_95", "facil_96", "facil_99"], "cust_41": ["facil_6", "facil_13", "facil_18", "facil_60", "facil_89", "facil_94", "facil_95", "facil_96", "facil_99"], "cust_42": ["facil_4", "facil_21", "facil_22", "facil_56", "facil_72", "facil_73", "facil_74", "facil_75"], "cust_43": ["facil_3", "facil_9", "facil_33", "facil_34", "facil_50", "facil_51", "facil_77", "facil_78", "facil_79", "facil_81"], "cust_44": ["facil_6", "facil_13", "facil_59", "facil_60", "facil_89", "facil_92", "facil_93", "facil_94", "facil_95", "facil_96", "facil_97", "facil_99"], "cust_45": ["facil_12", "facil_26", "facil_28", "facil_68", "facil_76", "facil_77", "facil_80"], "cust_46": ["facil_3", "facil_12", "facil_26", "facil_28", "facil_50", "facil_68", "facil_76", "facil_77", "facil_80"], "cust_47": ["facil_4", "facil_25", "facil_54", "facil_55"], "cust_48": ["facil_7", "facil_19", "facil_47", "facil_48", "facil_82"], "cust_49": ["facil_14", "facil_16", "facil_37", "facil_44", "facil_61", "facil_85", "facil_86", "facil_91", "facil_93", "facil_98", "facil_100"], "cust_50": ["facil_23", "facil_25", "facil_39", "facil_56", "facil_67"], "cust_51": ["facil_3", "facil_24", "facil_29", "facil_68", "facil_77", "facil_78", "facil_79", "facil_80"], "cust_52": ["facil_14", "facil_43"], "cust_53": ["facil_14", "facil_15", "facil_42", "facil_43", "facil_57"], "cust_54": ["facil_11", "facil_19", "facil_62"], "cust_55": ["facil_7", "facil_18", "facil_27", "facil_31", "facil_52", "facil_88"], "cust_56": ["facil_14", "facil_38"], "cust_57": ["facil_9", "facil_20", "facil_51", "facil_66", "facil_71"], "cust_58": ["facil_14", "facil_37", "facil_42", "facil_43", "facil_44", "facil_91", "facil_98", "facil_100"], "cust_59": ["facil_12", "facil_21", "facil_26", "facil_40"], "cust_60": ["facil_2", "facil_15", "facil_41", "facil_57", "facil_87"], "cust_61": ["facil_8", "facil_17", "facil_45"], "cust_62": ["facil_12", "facil_26", "facil_28", "facil_40", "facil_53", "facil_76"], "cust_63": ["facil_1", "facil_30", "facil_51", "facil_69", "facil_70"], "cust_64": ["facil_10", "facil_11", "facil_62", "facil_63", "facil_88", "facil_90"], "cust_65": ["facil_19", "facil_36", "facil_47", "facil_49"], "cust_66": ["facil_6", "facil_13", "facil_27", "facil_52", "facil_53", "facil_58", "facil_89", "facil_94"], "cust_67": ["facil_7", "facil_18", "facil_52", "facil_82", "facil_89"], "cust_68": ["facil_7", "facil_8", "facil_18", "facil_48", "facil_82", "facil_83"], "cust_69": ["facil_7", "facil_8", "facil_18", "facil_60", "facil_82", "facil_83"], "cust_70": ["facil_12", "facil_26", "facil_27", "facil_28", "facil_50", "facil_76", "facil_77"], "cust_71": ["facil_5", "facil_16", "facil_17", "facil_61", "facil_84", "facil_85", "facil_86"], "cust_72": ["facil_7", "facil_27", "facil_31", "facil_52", "facil_69", "facil_88"], "cust_73": ["facil_4", "facil_21", "facil_56", "facil_72", "facil_73", "facil_74", "facil_75"], "cust_74": ["facil_14", "facil_38", "facil_44"], "cust_75": ["facil_22", "facil_23", "facil_56", "facil_74", "facil_75"], "cust_76": ["facil_3", "facil_12", "facil_29", "facil_68", "facil_76", "facil_77", "facil_79", "facil_80"], "cust_77": ["facil_2", "facil_21", "facil_26", "facil_40", "facil_53", "facil_58", "facil_72", "facil_73"], "cust_78": ["facil_2", "facil_6", "facil_13", "facil_37", "facil_58", "facil_59", "facil_87", "facil_92", "facil_94", "facil_95", "facil_96", "facil_97", "facil_98", "facil_99"], "cust_79": ["facil_3", "facil_9", "facil_33", "facil_50", "facil_51", "facil_76", "facil_77", "facil_79", "facil_81"], "cust_80": ["facil_4", "facil_21", "facil_22", "facil_56", "facil_72", "facil_73", "facil_74", "facil_75"], "cust_81": ["facil_2", "facil_6", "facil_13", "facil_37", "facil_57", "facil_58", "facil_59", "facil_87", "facil_92", "facil_94", "facil_95", "facil_96", "facil_97"], "cust_82": ["facil_15", "facil_43"], "cust_83": ["facil_43"], "cust_84": ["facil_86"], "cust_85": ["facil_9", "facil_33", "facil_34", "facil_51", "facil_78", "facil_79", "facil_81"], "cust_86": ["facil_38"], "cust_87": ["facil_3", "facil_29", "facil_33", "facil_68", "facil_76", "facil_77", "facil_78", "facil_79", "facil_80", "facil_81"], "cust_88": ["facil_11", "facil_32", "facil_63", "facil_90"], "cust_89": ["facil_6", "facil_13", "facil_37", "facil_59", "facil_87", "facil_89", "facil_92", "facil_93", "facil_94", "facil_95", "facil_96", "facil_97", "facil_98", "facil_99"], "cust_90": ["facil_8", "facil_45", "facil_46"], "cust_91": ["facil_16", "facil_44", "facil_61", "facil_85", "facil_86", "facil_91"], "cust_92": ["facil_8", "facil_45", "facil_46", "facil_47", "facil_48", "facil_82"], "cust_93": ["facil_1", "facil_10", "facil_30", "facil_31", "facil_70"], "cust_94": ["facil_4", "facil_21", "facil_22", "facil_56", "facil_72", "facil_73", "facil_74", "facil_75"], "cust_95": ["facil_2", "facil_13", "facil_40", "facil_57", "facil_58", "facil_73", "facil_87"], "cust_96": ["facil_8", "facil_45", "facil_46"], "cust_97": ["facil_7", "facil_19", "facil_47", "facil_48", "facil_82"], "cust_98": ["facil_9", "facil_34", "facil_35", "facil_71"], "cust_99": ["facil_24", "facil_25", "facil_55"], "cust_100": ["facil_9", "facil_34", "facil_35", "facil_78", "facil_81"], "cust_101": ["facil_23"], "cust_102": ["facil_29", "facil_34", "facil_78", "facil_79"], "cust_103": ["facil_8", "facil_17", "facil_45", "facil_60", "facil_83", "facil_84"], "cust_104": ["facil_16", "facil_17", "facil_44", "facil_61", "facil_85", "facil_86", "facil_91"], "cust_105": ["facil_36", "facil_47", "facil_49"], "cust_106": ["facil_12", "facil_26", "facil_28", "facil_54", "facil_68", "facil_76", "facil_77", "facil_80"], "cust_107": ["facil_22", "facil_23", "facil_41", "facil_56", "facil_72", "facil_74", "facil_75"], "cust_108": ["facil_12", "facil_26", "facil_28", "facil_40", "facil_53", "facil_58"], "cust_109": ["facil_15", "facil_43"], "cust_110": ["facil_5", "facil_6", "facil_37", "facil_59", "facil_60", "facil_61", "facil_84", "facil_85", "facil_91", "facil_92", "facil_93", "facil_94", "facil_95", "facil_96", "facil_97", "facil_98", "facil_99", "facil_100"], "cust_111": ["facil_6", "facil_13", "facil_18", "facil_59", "facil_60", "facil_89", "facil_94", "facil_95", "facil_96", "facil_99"], "cust_112": ["facil_6", "facil_18", "facil_27", "facil_52", "facil_89", "facil_94", "facil_96"], "cust_113": ["facil_5", "facil_6", "facil_18", "facil_52", "facil_60", "facil_83", "facil_89"], "cust_114": ["facil_14", "facil_16", "facil_38", "facil_44", "facil_86"], "cust_115": ["facil_9", "facil_20", "facil_51", "facil_66", "facil_71"], "cust_116": ["facil_9", "facil_34", "facil_35", "facil_71", "facil_78", "facil_81"], "cust_117": ["facil_4", "facil_25", "facil_54", "facil_55"], "cust_118": ["facil_12", "facil_26", "facil_28", "facil_40", "facil_53"], "cust_119": ["facil_7", "facil_8", "facil_18", "facil_52", "facil_82", "facil_83"], "cust_120": ["facil_14", "facil_43", "facil_44"], "cust_121": ["facil_10", "facil_30", "facil_32", "facil_63", "facil_70", "facil_90"], "cust_122": ["facil_22", "facil_23", "facil_39", "facil_56", "facil_74", "facil_75"], "cust_123": ["facil_21", "facil_22", "facil_41", "facil_56", "facil_72", "facil_73", "facil_74", "facil_75"], "cust_124": ["facil_12", "facil_26", "facil_54", "facil_68", "facil_80"], "cust_125": ["facil_5", "facil_8", "facil_17", "facil_45", "facil_60", "facil_83", "facil_84"], "cust_126": ["facil_2", "facil_13", "facil_40", "facil_53", "facil_58", "facil_87", "facil_94"], "cust_127": ["facil_9", "facil_20", "facil_51", "facil_66", "facil_71"], "cust_128": ["facil_2", "facil_6", "facil_13", "facil_40", "facil_53", "facil_58", "facil_87", "facil_94", "facil_95", "facil_97"], "cust_129": ["facil_29", "facil_78", "facil_79"], "cust_130": ["facil_5", "facil_6", "facil_16", "facil_37", "facil_59", "facil_61", "facil_84", "facil_85", "facil_91", "facil_92", "facil_93", "facil_94", "facil_95", "facil_96", "facil_97", "facil_98", "facil_99", "facil_100"], "cust_131": ["facil_4", "facil_21", "facil_26", "facil_40", "facil_54", "facil_72", "facil_73"], "cust_132": ["facil_14", "facil_15", "facil_42", "facil_43", "facil_57", "facil_87"], "cust_133": ["facil_2", "facil_21", "facil_22", "facil_41", "facil_72", "facil_73", "facil_74", "facil_75"], "cust_134": ["facil_7", "facil_10", "facil_31", "facil_52", "facil_62", "facil_70", "facil_88"], "cust_135": ["facil_20", "facil_30", "facil_32", "facil_90"], "cust_136": ["facil_9", "facil_35", "facil_51", "facil_71", "facil_81"], "cust_137": ["facil_15", "facil_41", "facil_57"], "cust_138": ["facil_7", "facil_8", "facil_46", "facil_47", "facil_48", "facil_82"], "cust_139": ["facil_14", "facil_37", "facil_42", "facil_43", "facil_87", "facil_100"], "cust_140": ["facil_4", "facil_23", "facil_39", "facil_56", "facil_72", "facil_75"], "cust_141": ["facil_64"], "cust_142": ["facil_25", "facil_39", "facil_67"], "cust_143": ["facil_13", "facil_26", "facil_40", "facil_53", "facil_58"], "cust_144": ["facil_21", "facil_26", "facil_40", "facil_58", "facil_72", "facil_73"], "cust_145": ["facil_7", "facil_10", "facil_31", "facil_52", "facil_62", "facil_70", "facil_88"], "cust_146": ["facil_2", "facil_13", "facil_21", "facil_40", "facil_57", "facil_58", "facil_73", "facil_87"], "cust_147": ["facil_22", "facil_23", "facil_41", "facil_56", "facil_72", "facil_74", "facil_75"], "cust_148": ["facil_3", "facil_12", "facil_24", "facil_29", "facil_68", "facil_76", "facil_77", "facil_79", "facil_80"], "cust_149": ["facil_1", "facil_10", "facil_30", "facil_31", "facil_69", "facil_70"], "cust_150": ["facil_6", "facil_13", "facil_58", "facil_59", "facil_89", "facil_92", "facil_94", "facil_95", "facil_96", "facil_97", "facil_99"], "cust_151": ["facil_8", "facil_45", "facil_46"], "cust_152": ["facil_4", "facil_25", "facil_39", "facil_55"], "cust_153": ["facil_24", "facil_55"], "cust_154": ["facil_9", "facil_33", "facil_34", "facil_35", "facil_51", "facil_71", "facil_78", "facil_81"], "cust_155": ["facil_5", "facil_16", "facil_17", "facil_60", "facil_61", "facil_83", "facil_84", "facil_85", "facil_93"], "cust_156": ["facil_3", "facil_12", "facil_29", "facil_33", "facil_50", "facil_68", "facil_76", "facil_77", "facil_79", "facil_80"], "cust_157": ["facil_27", "facil_31", "facil_52", "facil_69", "facil_88", "facil_89"], "cust_158": ["facil_2", "facil_15", "facil_42", "facil_43", "facil_57", "facil_87"], "cust_159": ["facil_4", "facil_23", "facil_25", "facil_39", "facil_55", "facil_56"], "cust_160": ["facil_13", "facil_37", "facil_42", "facil_59", "facil_85", "facil_87", "facil_91", "facil_92", "facil_93", "facil_94", "facil_95", "facil_96", "facil_97", "facil_98", "facil_99", "facil_100"], "cust_161": ["facil_10", "facil_11", "facil_31", "facil_62", "facil_63", "facil_88", "facil_90"], "cust_162": ["facil_12", "facil_26", "facil_28", "facil_53", "facil_76"], "cust_163": ["facil_4", "facil_21", "facil_22", "facil_56", "facil_72", "facil_73", "facil_74", "facil_75"], "cust_164": ["facil_27", "facil_31", "facil_52", "facil_69"], "cust_165": ["facil_43"], "cust_166": ["facil_36", "facil_46", "facil_47"], "cust_167": ["facil_9", "facil_20", "facil_30", "facil_51"], "cust_168": ["facil_9", "facil_33", "facil_51", "facil_78", "facil_81"], "cust_169": ["facil_3", "facil_24", "facil_29", "facil_68", "facil_77", "facil_79", "facil_80"], "cust_170": ["facil_27", "facil_28", "facil_52", "facil_53", "facil_69", "facil_89"], "cust_171": ["facil_9", "facil_20", "facil_51", "facil_66", "facil_71"], "cust_172": ["facil_65", "facil_66"], "cust_173": ["facil_2", "facil_13", "facil_37", "facil_42", "facil_57", "facil_59", "facil_87", "facil_92", "facil_95", "facil_97", "facil_98", "facil_100"], "cust_174": ["facil_1", "facil_30", "facil_33", "facil_50", "facil_51", "facil_70"], "cust_175": ["facil_2", "facil_15", "facil_42", "facil_57", "facil_87", "facil_97"], "cust_176": ["facil_36", "facil_47", "facil_49"], "cust_177": ["facil_14", "facil_38", "facil_43"], "cust_178": ["facil_7", "facil_19", "facil_47", "facil_48", "facil_62", "facil_82"], "cust_179": ["facil_5", "facil_6", "facil_18", "facil_52", "facil_60", "facil_83", "facil_89"], "cust_180": ["facil_7", "facil_18", "facil_31", "facil_52", "facil_88"], "cust_181": ["facil_3", "facil_9", "facil_33", "facil_34", "facil_77", "facil_78", "facil_79", "facil_81"], "cust_182": ["facil_5", "facil_6", "facil_18", "facil_59", "facil_60", "facil_61", "facil_83", "facil_84", "facil_89", "facil_93", "facil_96", "facil_99"], "cust_183": ["facil_1", "facil_31", "facil_52", "facil_69", "facil_70", "facil_88"], "cust_184": ["facil_13", "facil_21", "facil_26", "facil_40", "facil_53", "facil_58"], "cust_185": ["facil_23", "facil_39", "facil_56", "facil_75"], "cust_186": ["facil_65", "facil_71"], "cust_187": ["facil_22", "facil_23", "facil_39", "facil_56", "facil_72", "facil_74", "facil_75"], "cust_188": ["facil_8", "facil_18", "facil_45", "facil_48", "facil_82", "facil_83"], "cust_189": ["facil_10", "facil_11", "facil_31", "facil_62", "facil_63", "facil_88", "facil_90"], "cust_190": ["facil_5", "facil_6", "facil_37", "facil_59", "facil_60", "facil_61", "facil_84", "facil_85", "facil_91", "facil_92", "facil_93", "facil_94", "facil_95", "facil_96", "facil_97", "facil_98", "facil_99", "facil_100"], "cust_191": ["facil_39", "facil_67"], "cust_192": ["facil_4", "facil_22", "facil_23", "facil_39", "facil_56", "facil_72", "facil_74", "facil_75"], "cust_193": ["facil_3", "facil_12", "facil_29", "facil_54", "facil_68", "facil_76", "facil_77", "facil_80"], "cust_194": ["facil_1", "facil_27", "facil_28", "facil_50", "facil_69", "facil_76"], "cust_195": ["facil_8", "facil_45", "facil_46"], "cust_196": ["facil_35", "facil_65", "facil_71"], "cust_197": ["facil_8", "facil_45", "facil_46", "facil_82", "facil_83"], "cust_198": ["facil_27", "facil_28", "facil_53", "facil_69"], "cust_199": ["facil_5", "facil_6", "facil_13", "facil_37", "facil_59", "facil_60", "facil_85", "facil_89", "facil_92", "facil_93", "facil_94", "facil_95", "facil_96", "facil_97", "facil_98", "facil_99"], "cust_200": ["facil_35"], "cust_201": ["facil_24", "facil_29", "facil_54", "facil_68", "facil_80"], "cust_202": ["facil_5", "facil_6", "facil_18", "facil_60", "facil_83", "facil_89"], "cust_203": ["facil_22", "facil_23", "facil_39", "facil_56", "facil_74", "facil_75"], "cust_204": ["facil_2", "facil_6", "facil_13", "facil_40", "facil_53", "facil_58", "facil_87", "facil_94", "facil_95", "facil_97"], "cust_205": ["facil_20", "facil_30", "facil_51", "facil_70"], "cust_206": ["facil_1", "facil_30", "facil_33", "facil_50", "facil_51", "facil_70"], "cust_207": ["facil_4", "facil_25", "facil_39", "facil_55", "facil_56"], "cust_208": ["facil_29", "facil_78", "facil_79"], "cust_209": ["facil_34", "facil_35", "facil_78"], "cust_210": ["facil_2", "facil_21", "facil_40", "facil_58", "facil_72", "facil_73", "facil_74"], "cust_211": ["facil_13", "facil_26", "facil_27", "facil_28", "facil_40", "facil_53", "facil_58"], "cust_212": ["facil_66"], "cust_213": ["facil_38", "facil_44", "facil_86"], "cust_214": ["facil_36", "facil_46", "facil_47"], "cust_215": ["facil_5", "facil_16", "facil_17", "facil_61", "facil_84", "facil_85", "facil_86"], "cust_216": ["facil_5", "facil_8", "facil_17", "facil_45", "facil_60", "facil_83", "facil_84"], "cust_217": ["facil_32", "facil_63", "facil_90"], "cust_218": ["facil_10", "facil_11", "facil_62", "facil_63", "facil_90"], "cust_219": ["facil_5", "facil_6", "facil_13", "facil_59", "facil_60", "facil_89", "facil_92", "facil_93", "facil_94", "facil_95", "facil_96", "facil_97", "facil_98", "facil_99"], "cust_220": ["facil_3", "facil_24", "facil_29", "facil_68", "facil_77", "facil_78", "facil_79", "facil_80"], "cust_221": ["facil_20", "facil_32", "facil_66"], "cust_222": ["facil_20", "facil_30", "facil_32", "facil_90"], "cust_223": ["facil_7", "facil_8", "facil_18", "facil_52", "facil_60", "facil_82", "facil_83"], "cust_224": ["facil_2", "facil_22", "facil_41", "facil_57", "facil_72", "facil_73", "facil_74", "facil_75"], "cust_225": ["facil_2", "facil_21", "facil_22", "facil_40", "facil_72", "facil_73", "facil_74"], "cust_226": ["facil_11", "facil_19", "facil_47", "facil_48", "facil_49"], "cust_227": ["facil_12", "facil_24", "facil_54", "facil_55", "facil_68", "facil_80"], "cust_228": ["facil_3", "facil_29", "facil_33", "facil_34", "facil_78", "facil_79", "facil_81"], "cust_229": ["facil_5", "facil_16", "facil_17", "facil_59", "facil_60", "facil_61", "facil_83", "facil_84", "facil_85", "facil_91", "facil_93", "facil_96", "facil_98", "facil_99"], "cust_230": ["facil_14", "facil_16", "facil_37", "facil_42", "facil_44", "facil_59", "facil_85", "facil_91", "facil_92", "facil_93", "facil_98", "facil_100"], "cust_231": ["facil_7", "facil_10", "facil_31", "facil_62", "facil_88"], "cust_232": ["facil_2", "facil_6", "facil_13", "facil_40", "facil_53", "facil_58", "facil_87", "facil_92", "facil_94", "facil_95", "facil_96", "facil_97"], "cust_233": ["facil_9", "facil_35", "facil_66", "facil_71"], "cust_234": ["facil_35", "facil_65", "facil_66", "facil_71"], "cust_235": ["facil_5", "facil_6", "facil_37", "facil_59", "facil_60", "facil_61", "facil_83", "facil_84", "facil_85", "facil_91", "facil_92", "facil_93", "facil_94", "facil_95", "facil_96", "facil_98", "facil_99"], "cust_236": ["facil_5", "facil_6", "facil_37", "facil_59", "facil_60", "facil_61", "facil_84", "facil_85", "facil_91", "facil_92", "facil_93", "facil_94", "facil_95", "facil_96", "facil_97", "facil_98", "facil_99", "facil_100"], "cust_237": ["facil_7", "facil_19", "facil_48", "facil_62", "facil_82", "facil_88"], "cust_238": ["facil_4", "facil_22", "facil_23", "facil_39", "facil_56", "facil_72", "facil_74", "facil_75"], "cust_239": ["facil_4", "facil_25", "facil_39", "facil_54", "facil_55"], "cust_240": ["facil_9", "facil_33", "facil_34", "facil_78", "facil_79", "facil_81"], "cust_241": ["facil_2", "facil_21", "facil_22", "facil_41", "facil_57", "facil_73", "facil_74", "facil_87"], "cust_242": ["facil_5", "facil_16", "facil_37", "facil_59", "facil_61", "facil_85", "facil_91", "facil_92", "facil_93", "facil_95", "facil_96", "facil_97", "facil_98", "facil_99", "facil_100"], "cust_243": ["facil_8", "facil_45", "facil_46", "facil_48", "facil_82"], "cust_244": ["facil_63", "facil_64"], "cust_245": ["facil_49", "facil_64"], "cust_246": ["facil_23", "facil_67"], "cust_247": ["facil_1", "facil_9", "facil_20", "facil_30", "facil_33", "facil_50", "facil_51", "facil_70", "facil_81"], "cust_248": ["facil_2", "facil_13", "facil_57", "facil_58", "facil_87", "facil_95", "facil_97"], "cust_249": ["facil_32", "facil_63", "facil_90"], "cust_250": ["facil_5", "facil_17", "facil_45", "facil_60", "facil_61", "facil_83", "facil_84"], "cust_251": ["facil_3", "facil_29", "facil_33", "facil_34", "facil_77", "facil_78", "facil_79", "facil_81"], "cust_252": ["facil_5", "facil_6", "facil_18", "facil_59", "facil_60", "facil_83", "facil_89", "facil_93", "facil_94", "facil_95", "facil_96", "facil_99"], "cust_253": ["facil_8", "facil_45", "facil_82", "facil_83", "facil_84"], "cust_254": ["facil_3", "facil_29", "facil_33", "facil_50", "facil_68", "facil_76", "facil_77", "facil_78", "facil_79", "facil_80", "facil_81"], "cust_255": ["facil_15", "facil_22", "facil_41", "facil_57"], "cust_256": ["facil_37", "facil_42", "facil_59", "facil_61", "facil_85", "facil_87", "facil_91", "facil_92", "facil_93", "facil_94", "facil_95", "facil_96", "facil_97", "facil_98", "facil_99", "facil_100"], "cust_257": ["facil_4", "facil_22", "facil_23", "facil_39", "facil_56", "facil_72", "facil_74", "facil_75"], "cust_258": ["facil_26", "facil_27", "facil_28", "facil_40", "facil_53", "facil_58"], "cust_259": ["facil_3", "facil_12", "facil_24", "facil_29", "facil_54", "facil_68", "facil_77", "facil_80"], "cust_260": ["facil_5", "facil_6", "facil_13", "facil_37", "facil_59", "facil_60", "facil_85", "facil_89", "facil_92", "facil_93", "facil_94", "facil_95", "facil_96", "facil_97", "facil_98", "facil_99"], "cust_261": ["facil_7", "facil_31", "facil_52", "facil_62", "facil_82", "facil_88"], "cust_262": ["facil_6", "facil_13", "facil_40", "facil_53", "facil_58", "facil_89", "facil_94", "facil_95", "facil_97"], "cust_263": ["facil_13", "facil_26", "facil_28", "facil_40", "facil_53", "facil_58"], "cust_264": ["facil_9", "facil_33", "facil_34", "facil_35", "facil_71", "facil_78", "facil_81"], "cust_265": ["facil_1", "facil_30", "facil_50", "facil_51", "facil_69", "facil_70"], "cust_266": ["facil_1", "facil_10", "facil_30", "facil_31", "facil_69", "facil_70"], "cust_267": ["facil_7", "facil_8", "facil_18", "facil_48", "facil_82"], "cust_268": ["facil_2", "facil_57", "facil_73", "facil_87"], "cust_269": ["facil_9", "facil_35", "facil_71"], "cust_270": ["facil_14", "facil_15", "facil_42", "facil_43", "facil_57", "facil_87"], "cust_271": ["facil_22", "facil_41", "facil_74", "facil_75"], "cust_272": ["facil_1", "facil_20", "facil_30", "facil_51", "facil_70"], "cust_273": ["facil_3", "facil_9", "facil_33", "facil_34", "facil_51", "facil_77", "facil_78", "facil_79", "facil_81"], "cust_274": ["facil_36", "facil_46", "facil_47", "facil_48"], "cust_275": ["facil_5", "facil_6", "facil_37", "facil_59", "facil_60", "facil_61", "facil_84", "facil_85", "facil_89", "facil_92", "facil_93", "facil_94", "facil_95", "facil_96", "facil_97", "facil_98", "facil_99"], "cust_276": ["facil_16", "facil_37", "facil_44", "facil_59", "facil_61", "facil_85", "facil_86", "facil_91", "facil_93", "facil_98", "facil_100"], "cust_277": ["facil_24", "facil_29", "facil_54", "facil_68", "facil_80"], "cust_278": ["facil_6", "facil_13", "facil_37", "facil_59", "facil_87", "facil_89", "facil_92", "facil_93", "facil_94", "facil_95", "facil_96", "facil_97", "facil_98", "facil_99"], "cust_279": ["facil_1", "facil_3", "facil_33", "facil_50", "facil_76", "facil_77", "facil_79", "facil_81"], "cust_280": ["facil_7", "facil_11", "facil_19", "facil_48", "facil_62", "facil_88"], "cust_281": ["facil_12", "facil_24", "facil_54", "facil_55", "facil_68", "facil_80"], "cust_282": ["facil_21", "facil_22", "facil_41", "facil_56", "facil_72", "facil_73", "facil_74", "facil_75"], "cust_283": ["facil_37", "facil_42", "facil_59", "facil_61", "facil_85", "facil_87", "facil_91", "facil_92", "facil_93", "facil_94", "facil_95", "facil_96", "facil_97", "facil_98", "facil_99", "facil_100"], "cust_284": ["facil_9", "facil_33", "facil_34", "facil_51", "facil_78", "facil_79", "facil_81"], "cust_285": ["facil_5", "facil_6", "facil_37", "facil_59", "facil_60", "facil_61", "facil_84", "facil_85", "facil_91", "facil_92", "facil_93", "facil_94", "facil_95", "facil_96", "facil_97", "facil_98", "facil_99", "facil_100"], "cust_286": ["facil_10", "facil_30", "facil_31", "facil_32", "facil_62", "facil_70", "facil_90"], "cust_287": ["facil_13", "facil_37", "facil_42", "facil_59", "facil_85", "facil_87", "facil_91", "facil_92", "facil_93", "facil_94", "facil_95", "facil_96", "facil_97", "facil_98", "facil_99", "facil_100"], "cust_288": ["facil_6", "facil_13", "facil_53", "facil_58", "facil_59", "facil_89", "facil_92", "facil_94", "facil_95", "facil_96", "facil_97", "facil_99"], "cust_289": ["facil_2", "facil_21", "facil_22", "facil_40", "facil_72", "facil_73", "facil_74", "facil_75"], "cust_290": ["facil_3", "facil_12", "facil_24", "facil_29", "facil_54", "facil_68", "facil_76", "facil_77", "facil_80"], "cust_291": ["facil_7", "facil_8", "facil_19", "facil_47", "facil_48", "facil_82"], "cust_292": ["facil_20", "facil_66", "facil_71"], "cust_293": ["facil_5", "facil_16", "facil_17", "facil_60", "facil_61", "facil_83", "facil_84", "facil_85", "facil_93"], "cust_294": ["facil_5", "facil_16", "facil_17", "facil_61", "facil_84", "facil_85", "facil_86", "facil_91"], "cust_295": ["facil_15", "facil_41"], "cust_296": ["facil_4", "facil_21", "facil_54", "facil_55", "facil_72"], "cust_297": ["facil_6", "facil_13", "facil_37", "facil_59", "facil_85", "facil_87", "facil_91", "facil_92", "facil_93", "facil_94", "facil_95", "facil_96", "facil_97", "facil_98", "facil_99", "facil_100"], "cust_298": ["facil_9", "facil_34", "facil_35", "facil_71", "facil_78", "facil_81"], "cust_299": ["facil_2", "facil_21", "facil_22", "facil_41", "facil_72", "facil_73", "facil_74", "facil_75"], "cust_300": ["facil_6", "facil_18", "facil_52", "facil_60", "facil_83", "facil_89"]}