{"cust_1": ["facil_3", "facil_4", "facil_8"], "cust_2": ["facil_5", "facil_7", "facil_9", "facil_10"], "cust_3": ["facil_12", "facil_14", "facil_16"], "cust_4": ["facil_1", "facil_6", "facil_8"], "cust_5": ["facil_13", "facil_14", "facil_16"], "cust_6": ["facil_11"], "cust_7": ["facil_3", "facil_4"], "cust_8": ["facil_17", "facil_18", "facil_20"], "cust_9": ["facil_12", "facil_15"], "cust_10": ["facil_3", "facil_4", "facil_11"], "cust_11": ["facil_17", "facil_19", "facil_21"], "cust_12": ["facil_17", "facil_20", "facil_21"], "cust_13": ["facil_12", "facil_15"], "cust_14": ["facil_18", "facil_20"], "cust_15": ["facil_19", "facil_21"], "cust_16": ["facil_14", "facil_16", "facil_17"], "cust_17": ["facil_11", "facil_13"], "cust_18": ["facil_13", "facil_14", "facil_16"], "cust_19": ["facil_1"], "cust_20": ["facil_18", "facil_20"], "cust_21": ["facil_12", "facil_15"], "cust_22": ["facil_5", "facil_6", "facil_7", "facil_9", "facil_10"], "cust_23": ["facil_13", "facil_14", "facil_16"], "cust_24": ["facil_11", "facil_13"], "cust_25": ["facil_18", "facil_20"], "cust_26": ["facil_1", "facil_2"], "cust_27": ["facil_1", "facil_2", "facil_6"], "cust_28": ["facil_12", "facil_14", "facil_15", "facil_16"], "cust_29": ["facil_11"], "cust_30": ["facil_18", "facil_20"], "cust_31": ["facil_5", "facil_7", "facil_9"], "cust_32": ["facil_1", "facil_2", "facil_6"], "cust_33": ["facil_11"], "cust_34": ["facil_12", "facil_15"], "cust_35": ["facil_11"], "cust_36": ["facil_11", "facil_13"], "cust_37": ["facil_15", "facil_17", "facil_18"], "cust_38": ["facil_6", "facil_8", "facil_10"], "cust_39": ["facil_17", "facil_20", "facil_21"], "cust_40": ["facil_1", "facil_2"], "cust_41": ["facil_3", "facil_6", "facil_8"], "cust_42": ["facil_17", "facil_18", "facil_20"], "cust_43": ["facil_14", "facil_16", "facil_17"], "cust_44": ["facil_17", "facil_18", "facil_20"], "cust_45": ["facil_11"], "cust_46": ["facil_5", "facil_7", "facil_9"], "cust_47": ["facil_5", "facil_7", "facil_9"], "cust_48": ["facil_1", "facil_2"], "cust_49": ["facil_7", "facil_9", "facil_10"], "cust_50": ["facil_1"], "cust_51": ["facil_1", "facil_2", "facil_5", "facil_6", "facil_7"], "cust_52": ["facil_3", "facil_4", "facil_6"], "cust_53": ["facil_3", "facil_4"], "cust_54": ["facil_7", "facil_8", "facil_9", "facil_10"], "cust_55": ["facil_1", "facil_2"], "cust_56": ["facil_11"], "cust_57": ["facil_5", "facil_7", "facil_9"], "cust_58": ["facil_3", "facil_4", "facil_8"], "cust_59": ["facil_5", "facil_7", "facil_9"], "cust_60": ["facil_3", "facil_4"], "cust_61": ["facil_16", "facil_17", "facil_19", "facil_21"], "cust_62": ["facil_14", "facil_16"], "cust_63": ["facil_5", "facil_7", "facil_9"], "cust_64": ["facil_13", "facil_14", "facil_16"], "cust_65": ["facil_21"], "cust_66": ["facil_3", "facil_4"], "cust_67": ["facil_12", "facil_14", "facil_16"], "cust_68": ["facil_13"], "cust_69": ["facil_13", "facil_14", "facil_16", "facil_19"], "cust_70": ["facil_13", "facil_14", "facil_16"], "cust_71": ["facil_13", "facil_16"], "cust_72": ["facil_3", "facil_4"], "cust_73": ["facil_5", "facil_7", "facil_9"], "cust_74": ["facil_5", "facil_7", "facil_9"], "cust_75": ["facil_19", "facil_21"], "cust_76": ["facil_17", "facil_20", "facil_21"], "cust_77": ["facil_14", "facil_16", "facil_17"], "cust_78": ["facil_15", "facil_18"], "cust_79": ["facil_3", "facil_4"], "cust_80": ["facil_11", "facil_13"], "cust_81": ["facil_14", "facil_16", "facil_17"], "cust_82": ["facil_17", "facil_18", "facil_20"], "cust_83": ["facil_19", "facil_21"], "cust_84": ["facil_1", "facil_2", "facil_5"], "cust_85": ["facil_20"], "cust_86": ["facil_11"], "cust_87": ["facil_3", "facil_6", "facil_8"], "cust_88": ["facil_14", "facil_16", "facil_17"], "cust_89": ["facil_3", "facil_4", "facil_6", "facil_8"], "cust_90": ["facil_6", "facil_8", "facil_10", "facil_11"], "cust_91": ["facil_13", "facil_14", "facil_16"], "cust_92": ["facil_8", "facil_11"], "cust_93": ["facil_5", "facil_7", "facil_9"], "cust_94": ["facil_5", "facil_7", "facil_9"], "cust_95": ["facil_1", "facil_6"], "cust_96": ["facil_10", "facil_12"], "cust_97": ["facil_14", "facil_16", "facil_17"], "cust_98": ["facil_3", "facil_4", "facil_6", "facil_8"], "cust_99": ["facil_17", "facil_19", "facil_21"], "cust_100": ["facil_11"], "cust_101": ["facil_6", "facil_8", "facil_10", "facil_11"], "cust_102": ["facil_12", "facil_15", "facil_18"], "cust_103": ["facil_3", "facil_4", "facil_6", "facil_8"], "cust_104": ["facil_12", "facil_15"], "cust_105": ["facil_5", "facil_6", "facil_7", "facil_9", "facil_10"]}