{"cust_1": ["facil_3", "facil_19"], "cust_2": ["facil_10", "facil_11"], "cust_3": ["facil_11"], "cust_4": ["facil_10", "facil_11"], "cust_5": ["facil_21"], "cust_6": ["facil_9", "facil_12", "facil_14", "facil_17", "facil_25", "facil_26"], "cust_7": ["facil_13", "facil_16"], "cust_8": ["facil_5"], "cust_9": ["facil_15"], "cust_10": ["facil_18"], "cust_11": ["facil_5", "facil_10"], "cust_12": ["facil_8", "facil_18"], "cust_13": ["facil_6", "facil_8", "facil_27", "facil_29"], "cust_14": ["facil_2", "facil_11", "facil_24"], "cust_15": ["facil_6"], "cust_16": ["facil_11"], "cust_17": ["facil_2", "facil_24"], "cust_18": ["facil_6", "facil_8"], "cust_19": ["facil_28", "facil_30"], "cust_20": ["facil_6", "facil_7", "facil_27", "facil_29"], "cust_21": ["facil_9", "facil_12", "facil_14", "facil_17", "facil_25", "facil_26"], "cust_22": ["facil_28", "facil_30"], "cust_23": ["facil_18"], "cust_24": ["facil_9", "facil_12", "facil_14", "facil_17", "facil_25", "facil_26"], "cust_25": ["facil_2"], "cust_26": ["facil_8", "facil_18", "facil_27"], "cust_27": ["facil_1", "facil_22"], "cust_28": ["facil_7", "facil_27", "facil_29"], "cust_29": ["facil_6", "facil_8", "facil_27", "facil_29"], "cust_30": ["facil_16", "facil_23"], "cust_31": ["facil_27"], "cust_32": ["facil_12", "facil_14", "facil_15"], "cust_33": ["facil_20"], "cust_34": ["facil_1", "facil_22", "facil_28"], "cust_35": ["facil_13", "facil_16"], "cust_36": ["facil_19"], "cust_37": ["facil_15"], "cust_38": ["facil_20", "facil_21"], "cust_39": ["facil_6", "facil_7", "facil_27", "facil_29"], "cust_40": ["facil_28", "facil_30"], "cust_41": ["facil_1", "facil_22", "facil_28"], "cust_42": ["facil_8", "facil_18", "facil_27"], "cust_43": ["facil_4", "facil_25", "facil_26"], "cust_44": ["facil_2"], "cust_45": ["facil_15", "facil_23"], "cust_46": ["facil_18", "facil_27"], "cust_47": ["facil_1", "facil_28", "facil_30"], "cust_48": ["facil_9", "facil_12", "facil_17"], "cust_49": ["facil_9", "facil_12", "facil_17"], "cust_50": ["facil_6", "facil_7", "facil_29"], "cust_51": ["facil_12", "facil_14", "facil_15"], "cust_52": ["facil_14", "facil_15"], "cust_53": ["facil_16", "facil_21"], "cust_54": ["facil_3", "facil_19", "facil_20"], "cust_55": ["facil_4", "facil_7", "facil_9", "facil_17", "facil_25", "facil_26"], "cust_56": ["facil_7", "facil_9", "facil_17"], "cust_57": ["facil_1", "facil_22", "facil_28"], "cust_58": ["facil_4", "facil_12", "facil_14", "facil_15", "facil_25", "facil_26"], "cust_59": ["facil_12", "facil_14", "facil_15", "facil_25"], "cust_60": ["facil_4", "facil_9", "facil_12", "facil_14", "facil_17", "facil_25", "facil_26"]}