{"cust_1": ["facil_2", "facil_13", "facil_40", "facil_53", "facil_58", "facil_87", "facil_94", "facil_105", "facil_112", "facil_115", "facil_117", "facil_137", "facil_152", "facil_156", "facil_178", "facil_180", "facil_183"], "cust_2": ["facil_1", "facil_27", "facil_28", "facil_69", "facil_101", "facil_111", "facil_127", "facil_132", "facil_146", "facil_156", "facil_162", "facil_167", "facil_176", "facil_190"], "cust_3": ["facil_12", "facil_26", "facil_27", "facil_28", "facil_53", "facil_76", "facil_105", "facil_111", "facil_132", "facil_138", "facil_154", "facil_156", "facil_176", "facil_184", "facil_196"], "cust_4": ["facil_6", "facil_13", "facil_53", "facil_58", "facil_59", "facil_89", "facil_94", "facil_95", "facil_96", "facil_97", "facil_99", "facil_104", "facil_112", "facil_117", "facil_137", "facil_146", "facil_147", "facil_152", "facil_156", "facil_166", "facil_183"], "cust_5": ["facil_5", "facil_6", "facil_18", "facil_60", "facil_83", "facil_84", "facil_89", "facil_96", "facil_99", "facil_104", "facil_114", "facil_118", "facil_147", "facil_166", "facil_173", "facil_199"], "cust_6": ["facil_9", "facil_34", "facil_35", "facil_71", "facil_120", "facil_135", "facil_136", "facil_161", "facil_164"], "cust_7": ["facil_29", "facil_34", "facil_78", "facil_121", "facil_169"], "cust_8": ["facil_65", "facil_136"], "cust_9": ["facil_5", "facil_6", "facil_16", "facil_37", "facil_59", "facil_60", "facil_61", "facil_84", "facil_85", "facil_91", "facil_92", "facil_93", "facil_94", "facil_95", "facil_96", "facil_97", "facil_98", "facil_99", "facil_100", "facil_104", "facil_117", "facil_118", "facil_147", "facil_151", "facil_173", "facil_183", "facil_193"], "cust_10": ["facil_1", "facil_30", "facil_50", "facil_69", "facil_70", "facil_101", "facil_102", "facil_122", "facil_132", "facil_157", "facil_162", "facil_176"], "cust_11": ["facil_14", "facil_38", "facil_44", "facil_119", "facil_140", "facil_142", "facil_192"], "cust_12": ["facil_63", "facil_126", "facil_181"], "cust_13": ["facil_1", "facil_27", "facil_31", "facil_69", "facil_70", "facil_101", "facil_111", "facil_127", "facil_132", "facil_146", "facil_162", "facil_167", "facil_176", "facil_190"], "cust_14": ["facil_7", "facil_18", "facil_52", "facil_82", "facil_88", "facil_106", "facil_114", "facil_127", "facil_153", "facil_166", "facil_182", "facil_194"], "cust_15": ["facil_1", "facil_10", "facil_30", "facil_31", "facil_69", "facil_70", "facil_101", "facil_122", "facil_127", "facil_132", "facil_162", "facil_167", "facil_176", "facil_189", "facil_190"], "cust_16": ["facil_20", "facil_30", "facil_32", "facil_90", "facil_128", "facil_131", "facil_160", "facil_188"], "cust_17": ["facil_25", "facil_55", "facil_139", "facil_165", "facil_170", "facil_187"], "cust_18": ["facil_10", "facil_30", "facil_32", "facil_63", "facil_70", "facil_90", "facil_108", "facil_126", "facil_128", "facil_131", "facil_159", "facil_160", "facil_189"], "cust_19": ["facil_5", "facil_17", "facil_45", "facil_83", "facil_84", "facil_113", "facil_125", "facil_173", "facil_199"], "cust_20": ["facil_4", "facil_21", "facil_39", "facil_56", "facil_72", "facil_73", "facil_74", "facil_75", "facil_110", "facil_133", "facil_139", "facil_155", "facil_171", "facil_186", "facil_187", "facil_197", "facil_198"], "cust_21": ["facil_4", "facil_21", "facil_26", "facil_40", "facil_54", "facil_72", "facil_73", "facil_109", "facil_110", "facil_130", "facil_149", "facil_155", "facil_179", "facil_180", "facil_195", "facil_198"], "cust_22": ["facil_9", "facil_20", "facil_66", "facil_71", "facil_103", "facil_128", "facil_161", "facil_188"], "cust_23": ["facil_21", "facil_26", "facil_40", "facil_53", "facil_58", "facil_73", "facil_105", "facil_110", "facil_138", "facil_149", "facil_152", "facil_154", "facil_179", "facil_180", "facil_195", "facil_198"], "cust_24": ["facil_11", "facil_19", "facil_62", "facil_63", "facil_107", "facil_123", "facil_126", "facil_175"], "cust_25": ["facil_12", "facil_26", "facil_28", "facil_54", "facil_68", "facil_80", "facil_105", "facil_109", "facil_116", "facil_138", "facil_149", "facil_150", "facil_154", "facil_177", "facil_179", "facil_180", "facil_184", "facil_195"], "cust_26": ["facil_12", "facil_26", "facil_28", "facil_53", "facil_76", "facil_105", "facil_109", "facil_111", "facil_138", "facil_149", "facil_154", "facil_177", "facil_179", "facil_180", "facil_184", "facil_195"], "cust_27": ["facil_2", "facil_21", "facil_22", "facil_41", "facil_57", "facil_73", "facil_74", "facil_87", "facil_115", "facil_137", "facil_144", "facil_145", "facil_171", "facil_178"], "cust_28": ["facil_7", "facil_19", "facil_47", "facil_48", "facil_82", "facil_106", "facil_123", "facil_124", "facil_168", "facil_182", "facil_194"], "cust_29": ["facil_8", "facil_45", "facil_46", "facil_47", "facil_48", "facil_114", "facil_124", "facil_125", "facil_168", "facil_174"], "cust_30": ["facil_5", "facil_6", "facil_18", "facil_52", "facil_60", "facil_83", "facil_89", "facil_114", "facil_118", "facil_147", "facil_153", "facil_166", "facil_199"], "cust_31": ["facil_25", "facil_39", "facil_67", "facil_170", "facil_187"], "cust_32": ["facil_24", "facil_29", "facil_78", "facil_79", "facil_121", "facil_129", "facil_163", "facil_169"], "cust_33": ["facil_5", "facil_6", "facil_18", "facil_60", "facil_83", "facil_84", "facil_89", "facil_94", "facil_96", "facil_99", "facil_104", "facil_118", "facil_147", "facil_166", "facil_183", "facil_199"], "cust_34": ["facil_25", "facil_170"], "cust_35": ["facil_10", "facil_31", "facil_32", "facil_62", "facil_63", "facil_70", "facil_88", "facil_90", "facil_108", "facil_126", "facil_148", "facil_159", "facil_189"], "cust_36": ["facil_36", "facil_47", "facil_49", "facil_124", "facil_143", "facil_168"], "cust_37": ["facil_24"], "cust_38": ["facil_14", "facil_42", "facil_43", "facil_44", "facil_91", "facil_100", "facil_119", "facil_142", "facil_172", "facil_191", "facil_192", "facil_193"], "cust_39": ["facil_12", "facil_26", "facil_28", "facil_68", "facil_76", "facil_77", "facil_80", "facil_109", "facil_111", "facil_116", "facil_138", "facil_149", "facil_150", "facil_154", "facil_177", "facil_184", "facil_195", "facil_196"], "cust_40": ["facil_32", "facil_63", "facil_90", "facil_108", "facil_126", "facil_128", "facil_131", "facil_160", "facil_181"], "cust_41": ["facil_5", "facil_17", "facil_45", "facil_60", "facil_61", "facil_83", "facil_84", "facil_93", "facil_113", "facil_118", "facil_125", "facil_173", "facil_199"], "cust_42": ["facil_12", "facil_26", "facil_28", "facil_40", "facil_105", "facil_109", "facil_110", "facil_138", "facil_149", "facil_154", "facil_177", "facil_179", "facil_180", "facil_195", "facil_198"], "cust_43": ["facil_11", "facil_63", "facil_90", "facil_107", "facil_126", "facil_159", "facil_175"], "cust_44": ["facil_14", "facil_38", "facil_44", "facil_119", "facil_140", "facil_141", "facil_191", "facil_192"], "cust_45": ["facil_43"], "cust_46": ["facil_12", "facil_24", "facil_29", "facil_54", "facil_68", "facil_77", "facil_80", "facil_109", "facil_116", "facil_121", "facil_130", "facil_134", "facil_150", "facil_163", "facil_177", "facil_184", "facil_195", "facil_196"], "cust_47": ["facil_49", "facil_143"], "cust_48": ["facil_14", "facil_38", "facil_44", "facil_86", "facil_119", "facil_140", "facil_141", "facil_191", "facil_192"], "cust_49": ["facil_3", "facil_12", "facil_68", "facil_76", "facil_77", "facil_79", "facil_80", "facil_109", "facil_116", "facil_121", "facil_138", "facil_150", "facil_154", "facil_158", "facil_163", "facil_177", "facil_184", "facil_195", "facil_196"], "cust_50": ["facil_12", "facil_21", "facil_26", "facil_40", "facil_54", "facil_105", "facil_109", "facil_110", "facil_130", "facil_138", "facil_149", "facil_154", "facil_177", "facil_179", "facil_180", "facil_195", "facil_198"], "cust_51": ["facil_5", "facil_17", "facil_45", "facil_83", "facil_84", "facil_113", "facil_125", "facil_173", "facil_199"], "cust_52": ["facil_4", "facil_25", "facil_54", "facil_55", "facil_110", "facil_130", "facil_139", "facil_155", "facil_165", "facil_179", "facil_187", "facil_197", "facil_198"], "cust_53": ["facil_12", "facil_26", "facil_28", "facil_53", "facil_76", "facil_105", "facil_109", "facil_111", "facil_116", "facil_138", "facil_149", "facil_154", "facil_177", "facil_180", "facil_184", "facil_195", "facil_196"], "cust_54": ["facil_6", "facil_13", "facil_27", "facil_28", "facil_40", "facil_53", "facil_58", "facil_89", "facil_94", "facil_105", "facil_112", "facil_137", "facil_146", "facil_147", "facil_152", "facil_156", "facil_183"], "cust_55": ["facil_34", "facil_35", "facil_135", "facil_136", "facil_164"], "cust_56": ["facil_6", "facil_13", "facil_58", "facil_59", "facil_87", "facil_89", "facil_92", "facil_94", "facil_95", "facil_96", "facil_97", "facil_99", "facil_104", "facil_112", "facil_117", "facil_137", "facil_147", "facil_151", "facil_152", "facil_156", "facil_183"], "cust_57": ["facil_2", "facil_15", "facil_42", "facil_57", "facil_87", "facil_115", "facil_137", "facil_144", "facil_145", "facil_172", "facil_178"], "cust_58": ["facil_7", "facil_31", "facil_52", "facil_62", "facil_88", "facil_106", "facil_127", "facil_148", "facil_153", "facil_159", "facil_162", "facil_167", "facil_182", "facil_190", "facil_194"], "cust_59": ["facil_1", "facil_50", "facil_69", "facil_70", "facil_101", "facil_102", "facil_111", "facil_122", "facil_132", "facil_157", "facil_162", "facil_167", "facil_176"], "cust_60": ["facil_2", "facil_21", "facil_22", "facil_41", "facil_57", "facil_72", "facil_73", "facil_74", "facil_115", "facil_133", "facil_137", "facil_144", "facil_145", "facil_171", "facil_178"], "cust_61": ["facil_36", "facil_46", "facil_47", "facil_48", "facil_124", "facil_168"], "cust_62": ["facil_27", "facil_28", "facil_52", "facil_53", "facil_89", "facil_105", "facil_111", "facil_112", "facil_146", "facil_147", "facil_156", "facil_167"], "cust_63": ["facil_4", "facil_25", "facil_54", "facil_55", "facil_110", "facil_130", "facil_134", "facil_155", "facil_165", "facil_177", "facil_179", "facil_195"], "cust_64": ["facil_27", "facil_28", "facil_53", "facil_105", "facil_111", "facil_112", "facil_138", "facil_146", "facil_154", "facil_156", "facil_167"], "cust_65": ["facil_11", "facil_19", "facil_36", "facil_47", "facil_48", "facil_49", "facil_107", "facil_123", "facil_124", "facil_143", "facil_168", "facil_175"], "cust_66": ["facil_10", "facil_30", "facil_31", "facil_70", "facil_90", "facil_101", "facil_108", "facil_122", "facil_148", "facil_159", "facil_162", "facil_189", "facil_190"], "cust_67": ["facil_4", "facil_12", "facil_21", "facil_26", "facil_54", "facil_109", "facil_110", "facil_130", "facil_149", "facil_155", "facil_177", "facil_179", "facil_180", "facil_195", "facil_198"], "cust_68": ["facil_64"], "cust_69": ["facil_4", "facil_21", "facil_22", "facil_41", "facil_56", "facil_72", "facil_73", "facil_74", "facil_75", "facil_110", "facil_133", "facil_145", "facil_155", "facil_171", "facil_186", "facil_197", "facil_198"], "cust_70": ["facil_32", "facil_66", "facil_128", "facil_131"], "cust_71": ["facil_1", "facil_50", "facil_69", "facil_76", "facil_101", "facil_102", "facil_111", "facil_122", "facil_132", "facil_157", "facil_162", "facil_176"], "cust_72": ["facil_19", "facil_36", "facil_47", "facil_48", "facil_49", "facil_107", "facil_123", "facil_124", "facil_143", "facil_168", "facil_175"], "cust_73": ["facil_6", "facil_13", "facil_37", "facil_59", "facil_87", "facil_89", "facil_92", "facil_93", "facil_94", "facil_95", "facil_96", "facil_97", "facil_98", "facil_99", "facil_104", "facil_112", "facil_117", "facil_137", "facil_147", "facil_151", "facil_156", "facil_183"], "cust_74": ["facil_10", "facil_20", "facil_30", "facil_32", "facil_70", "facil_90", "facil_108", "facil_122", "facil_128", "facil_131", "facil_160", "facil_188", "facil_189"], "cust_75": ["facil_3", "facil_12", "facil_33", "facil_50", "facil_68", "facil_76", "facil_77", "facil_79", "facil_80", "facil_102", "facil_111", "facil_116", "facil_129", "facil_150", "facil_157", "facil_158", "facil_177", "facil_184", "facil_185", "facil_196"], "cust_76": ["facil_9", "facil_20", "facil_30", "facil_51", "facil_103", "facil_120", "facil_122", "facil_128", "facil_160", "facil_161", "facil_188"], "cust_77": ["facil_2", "facil_13", "facil_40", "facil_53", "facil_58", "facil_87", "facil_94", "facil_95", "facil_97", "facil_115", "facil_117", "facil_137", "facil_144", "facil_152", "facil_178", "facil_180"], "cust_78": ["facil_7", "facil_10", "facil_31", "facil_62", "facil_88", "facil_108", "facil_127", "facil_148", "facil_159", "facil_162", "facil_182", "facil_189", "facil_190"], "cust_79": ["facil_9", "facil_35", "facil_71", "facil_103", "facil_120", "facil_135", "facil_136", "facil_161", "facil_164"], "cust_80": ["facil_65"], "cust_81": ["facil_14", "facil_16", "facil_37", "facil_42", "facil_44", "facil_59", "facil_61", "facil_85", "facil_91", "facil_92", "facil_93", "facil_97", "facil_98", "facil_99", "facil_100", "facil_104", "facil_119", "facil_141", "facil_142", "facil_151", "facil_191", "facil_192", "facil_193"], "cust_82": ["facil_14", "facil_16", "facil_37", "facil_42", "facil_44", "facil_59", "facil_61", "facil_85", "facil_91", "facil_92", "facil_93", "facil_98", "facil_100", "facil_119", "facil_141", "facil_142", "facil_151", "facil_191", "facil_192", "facil_193"], "cust_83": ["facil_6", "facil_27", "facil_52", "facil_53", "facil_89", "facil_112", "facil_146", "facil_147", "facil_156", "facil_167", "facil_183"], "cust_84": ["facil_2", "facil_13", "facil_21", "facil_40", "facil_57", "facil_58", "facil_73", "facil_87", "facil_115", "facil_137", "facil_144", "facil_152", "facil_171", "facil_178", "facil_180"], "cust_85": ["facil_32", "facil_63", "facil_90", "facil_126", "facil_131", "facil_181"], "cust_86": ["facil_9", "facil_35", "facil_71", "facil_120", "facil_135", "facil_136", "facil_161", "facil_164"], "cust_87": ["facil_9", "facil_35", "facil_66", "facil_71", "facil_103", "facil_135", "facil_136", "facil_161", "facil_188"], "cust_88": ["facil_36", "facil_47", "facil_49", "facil_143", "facil_168"], "cust_89": ["facil_22", "facil_23", "facil_41", "facil_56", "facil_72", "facil_73", "facil_74", "facil_75", "facil_133", "facil_171", "facil_186", "facil_197"], "cust_90": ["facil_23", "facil_39", "facil_56", "facil_186"], "cust_91": ["facil_14", "facil_16", "facil_37", "facil_42", "facil_44", "facil_59", "facil_85", "facil_91", "facil_92", "facil_93", "facil_97", "facil_98", "facil_100", "facil_119", "facil_141", "facil_142", "facil_151", "facil_172", "facil_191", "facil_192", "facil_193"], "cust_92": ["facil_3", "facil_12", "facil_28", "facil_50", "facil_68", "facil_76", "facil_77", "facil_80", "facil_102", "facil_109", "facil_111", "facil_116", "facil_138", "facil_150", "facil_154", "facil_157", "facil_158", "facil_176", "facil_177", "facil_184", "facil_196"], "cust_93": ["facil_27", "facil_31", "facil_52", "facil_69", "facil_88", "facil_101", "facil_106", "facil_127", "facil_132", "facil_146", "facil_153", "facil_162", "facil_167", "facil_190", "facil_194"], "cust_94": ["facil_20", "facil_30", "facil_32", "facil_90", "facil_108", "facil_122", "facil_128", "facil_131", "facil_160", "facil_188"], "cust_95": ["facil_5", "facil_17", "facil_45", "facil_60", "facil_61", "facil_83", "facil_84", "facil_113", "facil_118", "facil_125", "facil_173", "facil_199"], "cust_96": ["facil_8", "facil_17", "facil_45", "facil_84", "facil_114", "facil_125", "facil_174", "facil_199"], "cust_97": ["facil_5", "facil_16", "facil_37", "facil_59", "facil_60", "facil_61", "facil_84", "facil_85", "facil_91", "facil_92", "facil_93", "facil_96", "facil_98", "facil_99", "facil_100", "facil_104", "facil_113", "facil_118", "facil_141", "facil_151", "facil_173", "facil_191", "facil_193"], "cust_98": ["facil_21", "facil_22", "facil_23", "facil_41", "facil_56", "facil_72", "facil_73", "facil_74", "facil_75", "facil_133", "facil_171", "facil_186", "facil_197"], "cust_99": ["facil_7", "facil_31", "facil_52", "facil_62", "facil_88", "facil_106", "facil_127", "facil_148", "facil_153", "facil_159", "facil_182", "facil_190", "facil_194"], "cust_100": ["facil_6", "facil_13", "facil_27", "facil_52", "facil_53", "facil_89", "facil_94", "facil_96", "facil_112", "facil_146", "facil_147", "facil_156", "facil_166", "facil_183"], "cust_101": ["facil_3", "facil_24", "facil_29", "facil_68", "facil_77", "facil_78", "facil_79", "facil_80", "facil_121", "facil_129", "facil_150", "facil_158", "facil_163", "facil_169", "facil_185"], "cust_102": ["facil_14", "facil_38", "facil_44", "facil_119", "facil_140", "facil_141", "facil_142", "facil_191", "facil_192"], "cust_103": ["facil_10", "facil_30", "facil_31", "facil_32", "facil_62", "facil_70", "facil_90", "facil_101", "facil_108", "facil_122", "facil_131", "facil_148", "facil_159", "facil_160", "facil_162", "facil_189"], "cust_104": ["facil_2", "facil_13", "facil_21", "facil_26", "facil_40", "facil_53", "facil_58", "facil_73", "facil_105", "facil_115", "facil_137", "facil_152", "facil_178", "facil_180"], "cust_105": ["facil_9", "facil_33", "facil_51", "facil_71", "facil_81", "facil_103", "facil_120", "facil_135", "facil_161", "facil_164", "facil_188"], "cust_106": ["facil_24", "facil_29", "facil_121", "facil_129", "facil_169"], "cust_107": ["facil_43"], "cust_108": ["facil_3", "facil_12", "facil_50", "facil_68", "facil_76", "facil_77", "facil_80", "facil_109", "facil_111", "facil_116", "facil_138", "facil_150", "facil_154", "facil_158", "facil_177", "facil_184", "facil_195", "facil_196"], "cust_109": ["facil_27", "facil_31", "facil_52", "facil_69", "facil_88", "facil_101", "facil_106", "facil_127", "facil_132", "facil_146", "facil_148", "facil_153", "facil_162", "facil_167", "facil_190", "facil_194"], "cust_110": ["facil_2", "facil_13", "facil_37", "facil_42", "facil_59", "facil_87", "facil_92", "facil_93", "facil_94", "facil_95", "facil_96", "facil_97", "facil_98", "facil_99", "facil_100", "facil_104", "facil_117", "facil_137", "facil_144", "facil_151", "facil_172", "facil_178", "facil_183"], "cust_111": ["facil_5", "facil_16", "facil_17", "facil_59", "facil_60", "facil_61", "facil_84", "facil_85", "facil_91", "facil_93", "facil_98", "facil_99", "facil_104", "facil_113", "facil_118", "facil_141", "facil_173", "facil_191", "facil_193"], "cust_112": ["facil_20", "facil_32", "facil_66", "facil_128", "facil_131", "facil_160"], "cust_113": ["facil_1", "facil_3", "facil_12", "facil_28", "facil_50", "facil_68", "facil_76", "facil_77", "facil_102", "facil_111", "facil_116", "facil_132", "facil_138", "facil_154", "facil_157", "facil_158", "facil_176", "facil_184", "facil_196"], "cust_114": ["facil_1", "facil_27", "facil_31", "facil_50", "facil_69", "facil_70", "facil_101", "facil_111", "facil_127", "facil_132", "facil_162", "facil_167", "facil_176", "facil_190"], "cust_115": ["facil_17", "facil_86", "facil_113"], "cust_116": ["facil_3", "facil_33", "facil_50", "facil_51", "facil_76", "facil_77", "facil_78", "facil_79", "facil_81", "facil_102", "facil_116", "facil_120", "facil_129", "facil_157", "facil_158", "facil_169", "facil_185", "facil_196"], "cust_117": ["facil_34", "facil_78", "facil_79", "facil_81", "facil_120", "facil_129", "facil_164", "facil_169", "facil_185"], "cust_118": ["facil_4", "facil_25", "facil_54", "facil_55", "facil_130", "facil_139", "facil_155", "facil_165", "facil_170", "facil_187"], "cust_119": ["facil_5", "facil_6", "facil_16", "facil_37", "facil_59", "facil_60", "facil_61", "facil_84", "facil_85", "facil_91", "facil_92", "facil_93", "facil_94", "facil_95", "facil_96", "facil_97", "facil_98", "facil_99", "facil_100", "facil_104", "facil_118", "facil_151", "facil_173", "facil_183", "facil_191", "facil_193"], "cust_120": ["facil_4", "facil_25", "facil_39", "facil_54", "facil_55", "facil_110", "facil_130", "facil_139", "facil_155", "facil_165", "facil_170", "facil_179", "facil_187"], "cust_121": ["facil_6", "facil_13", "facil_53", "facil_58", "facil_89", "facil_94", "facil_95", "facil_96", "facil_97", "facil_99", "facil_104", "facil_112", "facil_117", "facil_137", "facil_146", "facil_147", "facil_152", "facil_156", "facil_183"], "cust_122": ["facil_66", "facil_128", "facil_188"], "cust_123": ["facil_14", "facil_38", "facil_44", "facil_119", "facil_140"], "cust_124": ["facil_7", "facil_10", "facil_31", "facil_52", "facil_62", "facil_69", "facil_70", "facil_88", "facil_101", "facil_106", "facil_127", "facil_148", "facil_159", "facil_162", "facil_167", "facil_182", "facil_189", "facil_190", "facil_194"], "cust_125": ["facil_29", "facil_34", "facil_78", "facil_79", "facil_121", "facil_129", "facil_164", "facil_169"], "cust_126": ["facil_5", "facil_6", "facil_18", "facil_52", "facil_60", "facil_83", "facil_89", "facil_118", "facil_147", "facil_153", "facil_166", "facil_183"], "cust_127": ["facil_10", "facil_30", "facil_31", "facil_32", "facil_62", "facil_70", "facil_90", "facil_101", "facil_108", "facil_122", "facil_131", "facil_148", "facil_159", "facil_160", "facil_162", "facil_189"], "cust_128": ["facil_14", "facil_16", "facil_37", "facil_42", "facil_44", "facil_85", "facil_91", "facil_98", "facil_100", "facil_119", "facil_141", "facil_142", "facil_191", "facil_192", "facil_193"], "cust_129": ["facil_26", "facil_27", "facil_28", "facil_40", "facil_53", "facil_58", "facil_105", "facil_112", "facil_138", "facil_146", "facil_152", "facil_154", "facil_156", "facil_180"], "cust_130": ["facil_37", "facil_42", "facil_59", "facil_61", "facil_85", "facil_87", "facil_91", "facil_92", "facil_93", "facil_94", "facil_95", "facil_96", "facil_97", "facil_98", "facil_99", "facil_100", "facil_104", "facil_117", "facil_119", "facil_151", "facil_172", "facil_191", "facil_192", "facil_193"], "cust_131": ["facil_49", "facil_143", "facil_175"], "cust_132": ["facil_16", "facil_37", "facil_44", "facil_59", "facil_61", "facil_85", "facil_91", "facil_92", "facil_93", "facil_95", "facil_96", "facil_97", "facil_98", "facil_99", "facil_100", "facil_104", "facil_119", "facil_141", "facil_151", "facil_173", "facil_191", "facil_192", "facil_193"], "cust_133": ["facil_1", "facil_27", "facil_28", "facil_50", "facil_69", "facil_76", "facil_111", "facil_132", "facil_138", "facil_146", "facil_154", "facil_156", "facil_167", "facil_176"], "cust_134": ["facil_1", "facil_28", "facil_50", "facil_69", "facil_76", "facil_77", "facil_102", "facil_111", "facil_116", "facil_132", "facil_157", "facil_176", "facil_184", "facil_196"], "cust_135": ["facil_10", "facil_11", "facil_31", "facil_62", "facil_63", "facil_70", "facil_88", "facil_90", "facil_108", "facil_126", "facil_148", "facil_159", "facil_182", "facil_189"], "cust_136": ["facil_7", "facil_31", "facil_48", "facil_52", "facil_62", "facil_82", "facil_88", "facil_106", "facil_123", "facil_127", "facil_148", "facil_153", "facil_159", "facil_182", "facil_190", "facil_194"], "cust_137": ["facil_3", "facil_24", "facil_29", "facil_68", "facil_76", "facil_77", "facil_79", "facil_80", "facil_116", "facil_121", "facil_129", "facil_134", "facil_150", "facil_158", "facil_163", "facil_169", "facil_177", "facil_184", "facil_185", "facil_196"], "cust_138": ["facil_14", "facil_37", "facil_42", "facil_43", "facil_44", "facil_91", "facil_98", "facil_100", "facil_119", "facil_142", "facil_172", "facil_191", "facil_192", "facil_193"], "cust_139": ["facil_11", "facil_19", "facil_47", "facil_48", "facil_107", "facil_123", "facil_124", "facil_168", "facil_175"], "cust_140": ["facil_4", "facil_21", "facil_22", "facil_56", "facil_72", "facil_73", "facil_74", "facil_75", "facil_110", "facil_133", "facil_139", "facil_155", "facil_171", "facil_179", "facil_186", "facil_197", "facil_198"], "cust_141": ["facil_13", "facil_26", "facil_40", "facil_53", "facil_58", "facil_105", "facil_112", "facil_137", "facil_152", "facil_156", "facil_180"], "cust_142": ["facil_14", "facil_16", "facil_37", "facil_44", "facil_59", "facil_61", "facil_85", "facil_86", "facil_91", "facil_92", "facil_93", "facil_98", "facil_99", "facil_100", "facil_104", "facil_119", "facil_141", "facil_151", "facil_173", "facil_191", "facil_192", "facil_193"], "cust_143": ["facil_1", "facil_12", "facil_28", "facil_50", "facil_69", "facil_76", "facil_77", "facil_102", "facil_111", "facil_116", "facil_132", "facil_138", "facil_154", "facil_157", "facil_176", "facil_184", "facil_196"], "cust_144": ["facil_5", "facil_16", "facil_37", "facil_44", "facil_59", "facil_61", "facil_85", "facil_91", "facil_92", "facil_93", "facil_95", "facil_96", "facil_97", "facil_98", "facil_99", "facil_100", "facil_104", "facil_117", "facil_119", "facil_141", "facil_151", "facil_173", "facil_191", "facil_192", "facil_193"], "cust_145": ["facil_3", "facil_29", "facil_33", "facil_77", "facil_78", "facil_79", "facil_81", "facil_102", "facil_116", "facil_120", "facil_121", "facil_129", "facil_157", "facil_158", "facil_164", "facil_169", "facil_185", "facil_196"], "cust_146": ["facil_3", "facil_12", "facil_68", "facil_76", "facil_77", "facil_79", "facil_80", "facil_109", "facil_116", "facil_121", "facil_129", "facil_134", "facil_138", "facil_150", "facil_154", "facil_158", "facil_163", "facil_177", "facil_184", "facil_195", "facil_196"], "cust_147": ["facil_6", "facil_13", "facil_27", "facil_28", "facil_53", "facil_58", "facil_89", "facil_94", "facil_105", "facil_112", "facil_146", "facil_147", "facil_152", "facil_156", "facil_183"], "cust_148": ["facil_5", "facil_17", "facil_45", "facil_60", "facil_61", "facil_83", "facil_84", "facil_113", "facil_118", "facil_125", "facil_173", "facil_199"], "cust_149": ["facil_6", "facil_13", "facil_18", "facil_52", "facil_60", "facil_89", "facil_94", "facil_96", "facil_112", "facil_118", "facil_146", "facil_147", "facil_156", "facil_166", "facil_183"], "cust_150": ["facil_3", "facil_12", "facil_24", "facil_29", "facil_54", "facil_68", "facil_77", "facil_80", "facil_109", "facil_116", "facil_121", "facil_130", "facil_134", "facil_150", "facil_158", "facil_163", "facil_177", "facil_184", "facil_196"], "cust_151": ["facil_27", "facil_28", "facil_52", "facil_53", "facil_69", "facil_89", "facil_111", "facil_112", "facil_127", "facil_132", "facil_146", "facil_156", "facil_167", "facil_176"], "cust_152": ["facil_20", "facil_30", "facil_32", "facil_66", "facil_128", "facil_131", "facil_160", "facil_188"], "cust_153": ["facil_2", "facil_21", "facil_22", "facil_40", "facil_41", "facil_57", "facil_72", "facil_73", "facil_74", "facil_115", "facil_133", "facil_137", "facil_144", "facil_145", "facil_171", "facil_178"], "cust_154": ["facil_9", "facil_34", "facil_35", "facil_71", "facil_81", "facil_103", "facil_120", "facil_135", "facil_136", "facil_161", "facil_164"], "cust_155": ["facil_4", "facil_21", "facil_22", "facil_23", "facil_39", "facil_56", "facil_72", "facil_73", "facil_74", "facil_75", "facil_110", "facil_133", "facil_139", "facil_155", "facil_171", "facil_186", "facil_187", "facil_197", "facil_198"], "cust_156": ["facil_2", "facil_42", "facil_57", "facil_87", "facil_97", "facil_115", "facil_117", "facil_137", "facil_144", "facil_145", "facil_172", "facil_178"], "cust_157": ["facil_21", "facil_26", "facil_28", "facil_40", "facil_53", "facil_58", "facil_105", "facil_138", "facil_149", "facil_152", "facil_154", "facil_180", "facil_195", "facil_198"], "cust_158": ["facil_65", "facil_66"], "cust_159": ["facil_2", "facil_22", "facil_41", "facil_57", "facil_72", "facil_73", "facil_74", "facil_115", "facil_133", "facil_144", "facil_145", "facil_171", "facil_178"], "cust_160": ["facil_1", "facil_10", "facil_31", "facil_69", "facil_70", "facil_88", "facil_101", "facil_127", "facil_132", "facil_148", "facil_162", "facil_167", "facil_176", "facil_189", "facil_190"], "cust_161": ["facil_9", "facil_35", "facil_51", "facil_71", "facil_103", "facil_120", "facil_135", "facil_136", "facil_161", "facil_164", "facil_188"], "cust_162": ["facil_11", "facil_19", "facil_62", "facil_63", "facil_107", "facil_126", "facil_159", "facil_175"], "cust_163": ["facil_22", "facil_41", "facil_57", "facil_72", "facil_73", "facil_74", "facil_75", "facil_115", "facil_133", "facil_145", "facil_171", "facil_178"], "cust_164": ["facil_10", "facil_11", "facil_62", "facil_63", "facil_90", "facil_107", "facil_108", "facil_126", "facil_159", "facil_175", "facil_189"], "cust_165": ["facil_17", "facil_45", "facil_84", "facil_125", "facil_173", "facil_174", "facil_199"], "cust_166": ["facil_9", "facil_20", "facil_51", "facil_66", "facil_71", "facil_103", "facil_120", "facil_128", "facil_161", "facil_188"], "cust_167": ["facil_5", "facil_8", "facil_18", "facil_45", "facil_60", "facil_82", "facil_83", "facil_84", "facil_114", "facil_118", "facil_125", "facil_153", "facil_166", "facil_174", "facil_199"], "cust_168": ["facil_11", "facil_19", "facil_63", "facil_64", "facil_107", "facil_126", "facil_175"], "cust_169": ["facil_13", "facil_26", "facil_28", "facil_40", "facil_53", "facil_58", "facil_105", "facil_112", "facil_137", "facil_138", "facil_152", "facil_154", "facil_156", "facil_180"], "cust_170": ["facil_10", "facil_20", "facil_30", "facil_32", "facil_70", "facil_90", "facil_108", "facil_122", "facil_128", "facil_131", "facil_160", "facil_189"], "cust_171": ["facil_34", "facil_78", "facil_79", "facil_81", "facil_120", "facil_129", "facil_135", "facil_164", "facil_169", "facil_185"], "cust_172": ["facil_25", "facil_55", "facil_139", "facil_165", "facil_170", "facil_187"], "cust_173": ["facil_36", "facil_49", "facil_143"], "cust_174": ["facil_14", "facil_16", "facil_37", "facil_44", "facil_59", "facil_61", "facil_85", "facil_86", "facil_91", "facil_92", "facil_93", "facil_98", "facil_99", "facil_100", "facil_104", "facil_119", "facil_141", "facil_151", "facil_173", "facil_191", "facil_192", "facil_193"], "cust_175": ["facil_22", "facil_41", "facil_56", "facil_72", "facil_74", "facil_75", "facil_133", "facil_145", "facil_171", "facil_186", "facil_197"], "cust_176": ["facil_9", "facil_34", "facil_35", "facil_71", "facil_78", "facil_81", "facil_103", "facil_120", "facil_135", "facil_136", "facil_161", "facil_164"], "cust_177": ["facil_13", "facil_26", "facil_27", "facil_28", "facil_40", "facil_53", "facil_58", "facil_105", "facil_112", "facil_137", "facil_138", "facil_146", "facil_152", "facil_154", "facil_156", "facil_180"], "cust_178": ["facil_35", "facil_71", "facil_135", "facil_136", "facil_161", "facil_164"], "cust_179": ["facil_8", "facil_45", "facil_46", "facil_47", "facil_48", "facil_82", "facil_114", "facil_124", "facil_125", "facil_168", "facil_174"], "cust_180": ["facil_24", "facil_54", "facil_55", "facil_80", "facil_130", "facil_134", "facil_150", "facil_163", "facil_165", "facil_177"], "cust_181": ["facil_9", "facil_20", "facil_30", "facil_33", "facil_51", "facil_81", "facil_102", "facil_103", "facil_122", "facil_128", "facil_157", "facil_188"], "cust_182": ["facil_7", "facil_8", "facil_47", "facil_48", "facil_82", "facil_106", "facil_114", "facil_123", "facil_124", "facil_153", "facil_168", "facil_174", "facil_182", "facil_194"], "cust_183": ["facil_67", "facil_170"], "cust_184": ["facil_24", "facil_29", "facil_68", "facil_80", "facil_121", "facil_134", "facil_150", "facil_163", "facil_169", "facil_177"], "cust_185": ["facil_3", "facil_9", "facil_33", "facil_34", "facil_51", "facil_78", "facil_79", "facil_81", "facil_102", "facil_120", "facil_129", "facil_157", "facil_158", "facil_164", "facil_169", "facil_185"], "cust_186": ["facil_1", "facil_27", "facil_28", "facil_69", "facil_111", "facil_127", "facil_132", "facil_146", "facil_156", "facil_162", "facil_167", "facil_176"], "cust_187": ["facil_1", "facil_27", "facil_31", "facil_52", "facil_69", "facil_88", "facil_101", "facil_127", "facil_132", "facil_146", "facil_162", "facil_167", "facil_176", "facil_190"], "cust_188": ["facil_10", "facil_30", "facil_32", "facil_62", "facil_63", "facil_70", "facil_90", "facil_108", "facil_126", "facil_131", "facil_159", "facil_160", "facil_189"], "cust_189": ["facil_5", "facil_6", "facil_13", "facil_59", "facil_60", "facil_89", "facil_92", "facil_93", "facil_94", "facil_95", "facil_96", "facil_97", "facil_98", "facil_99", "facil_104", "facil_112", "facil_117", "facil_118", "facil_147", "facil_151", "facil_166", "facil_183"], "cust_190": ["facil_12", "facil_26", "facil_54", "facil_68", "facil_76", "facil_77", "facil_80", "facil_109", "facil_116", "facil_134", "facil_138", "facil_149", "facil_150", "facil_154", "facil_177", "facil_179", "facil_184", "facil_195", "facil_196"], "cust_191": ["facil_9", "facil_20", "facil_33", "facil_51", "facil_81", "facil_103", "facil_120", "facil_122", "facil_128", "facil_161", "facil_188"], "cust_192": ["facil_10", "facil_11", "facil_31", "facil_62", "facil_63", "facil_70", "facil_88", "facil_90", "facil_108", "facil_126", "facil_148", "facil_159", "facil_189"], "cust_193": ["facil_5", "facil_59", "facil_60", "facil_61", "facil_83", "facil_84", "facil_85", "facil_93", "facil_96", "facil_99", "facil_104", "facil_118", "facil_166", "facil_173", "facil_199"], "cust_194": ["facil_1", "facil_27", "facil_31", "facil_52", "facil_69", "facil_70", "facil_88", "facil_101", "facil_127", "facil_132", "facil_148", "facil_162", "facil_167", "facil_176", "facil_190"], "cust_195": ["facil_6", "facil_13", "facil_37", "facil_59", "facil_85", "facil_87", "facil_91", "facil_92", "facil_93", "facil_94", "facil_95", "facil_96", "facil_97", "facil_98", "facil_99", "facil_100", "facil_104", "facil_117", "facil_137", "facil_147", "facil_151", "facil_183", "facil_193"], "cust_196": ["facil_9", "facil_33", "facil_51", "facil_78", "facil_79", "facil_81", "facil_102", "facil_103", "facil_120", "facil_129", "facil_157", "facil_161", "facil_164", "facil_185"], "cust_197": ["facil_7", "facil_10", "facil_11", "facil_19", "facil_31", "facil_62", "facil_88", "facil_107", "facil_108", "facil_123", "facil_148", "facil_159", "facil_175", "facil_182", "facil_189", "facil_190", "facil_194"], "cust_198": ["facil_14", "facil_38", "facil_43", "facil_44", "facil_119", "facil_140", "facil_142", "facil_192"], "cust_199": ["facil_17", "facil_45", "facil_84", "facil_113", "facil_125", "facil_173", "facil_174", "facil_199"], "cust_200": ["facil_6", "facil_13", "facil_37", "facil_59", "facil_87", "facil_92", "facil_93", "facil_94", "facil_95", "facil_96", "facil_97", "facil_98", "facil_99", "facil_104", "facil_112", "facil_117", "facil_137", "facil_144", "facil_147", "facil_151", "facil_183"], "cust_201": ["facil_14", "facil_37", "facil_42", "facil_44", "facil_91", "facil_98", "facil_100", "facil_119", "facil_141", "facil_142", "facil_172", "facil_191", "facil_192", "facil_193"], "cust_202": ["facil_6", "facil_13", "facil_53", "facil_58", "facil_59", "facil_89", "facil_94", "facil_95", "facil_96", "facil_97", "facil_112", "facil_117", "facil_137", "facil_147", "facil_152", "facil_156", "facil_183"], "cust_203": ["facil_5", "facil_6", "facil_59", "facil_60", "facil_61", "facil_83", "facil_84", "facil_85", "facil_89", "facil_92", "facil_93", "facil_94", "facil_95", "facil_96", "facil_98", "facil_99", "facil_104", "facil_118", "facil_147", "facil_151", "facil_166", "facil_173", "facil_183"], "cust_204": ["facil_3", "facil_33", "facil_50", "facil_68", "facil_76", "facil_77", "facil_78", "facil_79", "facil_81", "facil_102", "facil_116", "facil_121", "facil_129", "facil_157", "facil_158", "facil_169", "facil_184", "facil_185", "facil_196"], "cust_205": ["facil_7", "facil_10", "facil_31", "facil_62", "facil_88", "facil_108", "facil_127", "facil_148", "facil_159", "facil_182", "facil_189", "facil_190"], "cust_206": ["facil_2", "facil_6", "facil_13", "facil_40", "facil_53", "facil_58", "facil_87", "facil_94", "facil_95", "facil_97", "facil_112", "facil_115", "facil_117", "facil_137", "facil_144", "facil_152", "facil_178", "facil_183"], "cust_207": ["facil_29", "facil_78", "facil_121", "facil_169"], "cust_208": ["facil_4", "facil_25", "facil_39", "facil_55", "facil_56", "facil_110", "facil_139", "facil_155", "facil_165", "facil_170", "facil_186", "facil_187"], "cust_209": ["facil_4", "facil_21", "facil_39", "facil_56", "facil_72", "facil_73", "facil_74", "facil_75", "facil_110", "facil_130", "facil_139", "facil_155", "facil_179", "facil_186", "facil_187", "facil_197", "facil_198"], "cust_210": ["facil_20", "facil_30", "facil_32", "facil_51", "facil_70", "facil_122", "facil_128", "facil_131", "facil_160", "facil_188"], "cust_211": ["facil_1", "facil_30", "facil_31", "facil_50", "facil_69", "facil_70", "facil_101", "facil_102", "facil_122", "facil_132", "facil_162", "facil_176"], "cust_212": ["facil_15", "facil_42", "facil_43", "facil_57", "facil_142", "facil_144", "facil_145", "facil_172", "facil_178"], "cust_213": ["facil_10", "facil_30", "facil_32", "facil_70", "facil_90", "facil_108", "facil_122", "facil_126", "facil_128", "facil_131", "facil_159", "facil_160", "facil_189"], "cust_214": ["facil_24", "facil_134", "facil_163"], "cust_215": ["facil_5", "facil_8", "facil_18", "facil_60", "facil_82", "facil_83", "facil_84", "facil_106", "facil_114", "facil_118", "facil_125", "facil_153", "facil_166", "facil_174", "facil_199"], "cust_216": ["facil_34", "facil_35", "facil_135", "facil_164"], "cust_217": ["facil_11", "facil_19", "facil_47", "facil_48", "facil_107", "facil_123", "facil_124", "facil_143", "facil_168", "facil_175"], "cust_218": ["facil_7", "facil_18", "facil_27", "facil_31", "facil_52", "facil_88", "facil_106", "facil_127", "facil_146", "facil_153", "facil_167", "facil_182", "facil_190", "facil_194"], "cust_219": ["facil_7", "facil_18", "facil_52", "facil_82", "facil_88", "facil_106", "facil_127", "facil_153", "facil_166", "facil_182", "facil_190", "facil_194"], "cust_220": ["facil_5", "facil_6", "facil_37", "facil_59", "facil_60", "facil_61", "facil_83", "facil_84", "facil_85", "facil_91", "facil_92", "facil_93", "facil_95", "facil_96", "facil_98", "facil_99", "facil_104", "facil_118", "facil_147", "facil_151", "facil_166", "facil_173", "facil_193"], "cust_221": ["facil_21", "facil_26", "facil_40", "facil_53", "facil_58", "facil_73", "facil_105", "facil_137", "facil_149", "facil_152", "facil_180", "facil_198"], "cust_222": ["facil_4", "facil_25", "facil_39", "facil_55", "facil_56", "facil_110", "facil_139", "facil_155", "facil_165", "facil_170", "facil_186", "facil_187", "facil_197"], "cust_223": ["facil_5", "facil_17", "facil_45", "facil_60", "facil_61", "facil_83", "facil_84", "facil_85", "facil_93", "facil_99", "facil_104", "facil_113", "facil_118", "facil_125", "facil_173", "facil_199"], "cust_224": ["facil_1", "facil_3", "facil_12", "facil_33", "facil_50", "facil_68", "facil_76", "facil_77", "facil_79", "facil_80", "facil_102", "facil_111", "facil_116", "facil_129", "facil_138", "facil_150", "facil_154", "facil_157", "facil_158", "facil_176", "facil_184", "facil_185", "facil_196"], "cust_225": ["facil_11", "facil_63", "facil_64", "facil_107", "facil_126", "facil_175"], "cust_226": ["facil_14", "facil_37", "facil_42", "facil_44", "facil_85", "facil_87", "facil_91", "facil_92", "facil_97", "facil_98", "facil_100", "facil_119", "facil_141", "facil_142", "facil_151", "facil_172", "facil_191", "facil_192", "facil_193"], "cust_227": ["facil_11", "facil_19", "facil_49", "facil_107", "facil_143", "facil_175"], "cust_228": ["facil_12", "facil_26", "facil_54", "facil_68", "facil_80", "facil_109", "facil_130", "facil_138", "facil_149", "facil_150", "facil_154", "facil_177", "facil_179", "facil_180", "facil_184", "facil_195"], "cust_229": ["facil_3", "facil_9", "facil_33", "facil_51", "facil_78", "facil_79", "facil_81", "facil_102", "facil_120", "facil_129", "facil_157", "facil_158", "facil_164", "facil_169", "facil_185"], "cust_230": ["facil_10", "facil_30", "facil_31", "facil_70", "facil_101", "facil_108", "facil_122", "facil_159", "facil_162", "facil_189", "facil_190"], "cust_231": ["facil_4", "facil_21", "facil_22", "facil_39", "facil_56", "facil_72", "facil_73", "facil_74", "facil_75", "facil_110", "facil_133", "facil_139", "facil_155", "facil_171", "facil_186", "facil_187", "facil_197", "facil_198"], "cust_232": ["facil_5", "facil_8", "facil_17", "facil_45", "facil_83", "facil_84", "facil_113", "facil_125", "facil_173", "facil_174", "facil_199"], "cust_233": ["facil_11", "facil_19", "facil_47", "facil_48", "facil_107", "facil_123", "facil_124", "facil_143", "facil_168", "facil_175"], "cust_234": ["facil_27", "facil_28", "facil_53", "facil_69", "facil_105", "facil_111", "facil_132", "facil_138", "facil_146", "facil_154", "facil_156", "facil_167", "facil_176"], "cust_235": ["facil_7", "facil_18", "facil_52", "facil_60", "facil_82", "facil_83", "facil_89", "facil_106", "facil_114", "facil_118", "facil_153", "facil_166", "facil_194", "facil_199"], "cust_236": ["facil_2", "facil_15", "facil_42", "facil_57", "facil_87", "facil_97", "facil_115", "facil_137", "facil_144", "facil_145", "facil_172", "facil_178"], "cust_237": ["facil_6", "facil_13", "facil_18", "facil_89", "facil_94", "facil_95", "facil_96", "facil_99", "facil_104", "facil_112", "facil_146", "facil_147", "facil_156", "facil_166", "facil_183"], "cust_238": ["facil_10", "facil_30", "facil_31", "facil_62", "facil_70", "facil_88", "facil_101", "facil_108", "facil_127", "facil_148", "facil_159", "facil_162", "facil_189", "facil_190"], "cust_239": ["facil_19", "facil_36", "facil_47", "facil_49", "facil_107", "facil_123", "facil_143", "facil_168", "facil_175"], "cust_240": ["facil_8", "facil_18", "facil_45", "facil_60", "facil_82", "facil_83", "facil_114", "facil_125", "facil_153", "facil_174", "facil_199"], "cust_241": ["facil_34"], "cust_242": ["facil_3", "facil_29", "facil_33", "facil_68", "facil_76", "facil_77", "facil_78", "facil_79", "facil_81", "facil_102", "facil_116", "facil_121", "facil_129", "facil_157", "facil_158", "facil_169", "facil_184", "facil_185", "facil_196"], "cust_243": ["facil_3", "facil_12", "facil_26", "facil_28", "facil_68", "facil_76", "facil_77", "facil_80", "facil_109", "facil_111", "facil_116", "facil_138", "facil_149", "facil_150", "facil_154", "facil_158", "facil_177", "facil_184", "facil_195", "facil_196"], "cust_244": ["facil_4", "facil_23", "facil_39", "facil_56", "facil_72", "facil_74", "facil_75", "facil_110", "facil_133", "facil_139", "facil_155", "facil_186", "facil_187", "facil_197", "facil_198"], "cust_245": ["facil_22", "facil_41", "facil_133", "facil_145", "facil_171"], "cust_246": ["facil_27", "facil_28", "facil_52", "facil_53", "facil_69", "facil_89", "facil_111", "facil_112", "facil_127", "facil_132", "facil_146", "facil_156", "facil_167"], "cust_247": ["facil_3", "facil_9", "facil_33", "facil_34", "facil_51", "facil_78", "facil_79", "facil_81", "facil_102", "facil_120", "facil_129", "facil_157", "facil_158", "facil_164", "facil_169", "facil_185"], "cust_248": ["facil_4", "facil_23", "facil_39", "facil_56", "facil_72", "facil_74", "facil_75", "facil_110", "facil_133", "facil_139", "facil_155", "facil_186", "facil_187", "facil_197", "facil_198"], "cust_249": ["facil_6", "facil_13", "facil_40", "facil_53", "facil_58", "facil_87", "facil_89", "facil_94", "facil_95", "facil_96", "facil_97", "facil_105", "facil_112", "facil_117", "facil_137", "facil_147", "facil_152", "facil_156", "facil_183"], "cust_250": ["facil_23", "facil_39", "facil_56", "facil_75", "facil_139", "facil_186", "facil_187"], "cust_251": ["facil_65", "facil_136"], "cust_252": ["facil_26", "facil_27", "facil_28", "facil_40", "facil_53", "facil_58", "facil_105", "facil_112", "facil_138", "facil_146", "facil_152", "facil_154", "facil_156", "facil_180"], "cust_253": ["facil_37", "facil_42", "facil_57", "facil_59", "facil_87", "facil_91", "facil_92", "facil_95", "facil_97", "facil_98", "facil_100", "facil_117", "facil_142", "facil_144", "facil_151", "facil_172", "facil_192", "facil_193"], "cust_254": ["facil_38", "facil_140"], "cust_255": ["facil_4", "facil_21", "facil_54", "facil_56", "facil_72", "facil_73", "facil_110", "facil_130", "facil_139", "facil_149", "facil_155", "facil_165", "facil_179", "facil_187", "facil_195", "facil_197", "facil_198"], "cust_256": ["facil_20", "facil_32", "facil_66", "facil_128", "facil_131", "facil_160", "facil_188"], "cust_257": ["facil_9", "facil_35", "facil_71", "facil_103", "facil_120", "facil_135", "facil_136", "facil_161"], "cust_258": ["facil_5", "facil_16", "facil_17", "facil_61", "facil_84", "facil_85", "facil_86", "facil_113", "facil_141", "facil_173", "facil_191"], "cust_259": ["facil_4", "facil_21", "facil_26", "facil_40", "facil_72", "facil_73", "facil_74", "facil_110", "facil_149", "facil_155", "facil_171", "facil_179", "facil_180", "facil_195", "facil_197", "facil_198"], "cust_260": ["facil_1", "facil_27", "facil_28", "facil_69", "facil_101", "facil_111", "facil_127", "facil_132", "facil_146", "facil_156", "facil_162", "facil_167", "facil_176", "facil_190"], "cust_261": ["facil_1", "facil_30", "facil_31", "facil_69", "facil_70", "facil_101", "facil_122", "facil_127", "facil_132", "facil_162", "facil_167", "facil_176", "facil_190"], "cust_262": ["facil_9", "facil_20", "facil_33", "facil_35", "facil_51", "facil_71", "facil_81", "facil_103", "facil_120", "facil_135", "facil_161", "facil_164", "facil_188"], "cust_263": ["facil_10", "facil_11", "facil_62", "facil_63", "facil_90", "facil_107", "facil_108", "facil_126", "facil_148", "facil_159", "facil_175", "facil_182", "facil_189"], "cust_264": ["facil_49"], "cust_265": ["facil_4", "facil_21", "facil_54", "facil_55", "facil_56", "facil_72", "facil_110", "facil_130", "facil_139", "facil_155", "facil_165", "facil_179", "facil_187", "facil_197", "facil_198"], "cust_266": ["facil_7", "facil_10", "facil_31", "facil_52", "facil_62", "facil_69", "facil_88", "facil_101", "facil_106", "facil_127", "facil_148", "facil_153", "facil_159", "facil_162", "facil_167", "facil_182", "facil_189", "facil_190", "facil_194"], "cust_267": ["facil_3", "facil_12", "facil_50", "facil_68", "facil_76", "facil_77", "facil_79", "facil_80", "facil_102", "facil_109", "facil_116", "facil_129", "facil_138", "facil_150", "facil_154", "facil_157", "facil_158", "facil_177", "facil_184", "facil_185", "facil_196"], "cust_268": ["facil_9", "facil_20", "facil_51", "facil_71", "facil_81", "facil_103", "facil_120", "facil_135", "facil_161", "facil_188"], "cust_269": ["facil_3", "facil_12", "facil_50", "facil_68", "facil_76", "facil_77", "facil_79", "facil_80", "facil_102", "facil_109", "facil_116", "facil_121", "facil_129", "facil_150", "facil_157", "facil_158", "facil_177", "facil_184", "facil_185", "facil_196"], "cust_270": ["facil_14", "facil_37", "facil_42", "facil_57", "facil_87", "facil_91", "facil_92", "facil_97", "facil_98", "facil_100", "facil_117", "facil_142", "facil_144", "facil_151", "facil_172", "facil_192", "facil_193"], "cust_271": ["facil_5", "facil_6", "facil_37", "facil_59", "facil_60", "facil_61", "facil_84", "facil_85", "facil_91", "facil_92", "facil_93", "facil_94", "facil_95", "facil_96", "facil_97", "facil_98", "facil_99", "facil_100", "facil_104", "facil_117", "facil_118", "facil_147", "facil_151", "facil_173", "facil_183", "facil_193"], "cust_272": ["facil_4", "facil_12", "facil_26", "facil_54", "facil_109", "facil_110", "facil_130", "facil_138", "facil_149", "facil_154", "facil_155", "facil_177", "facil_179", "facil_180", "facil_195", "facil_198"], "cust_273": ["facil_26", "facil_27", "facil_28", "facil_40", "facil_53", "facil_58", "facil_105", "facil_111", "facil_112", "facil_138", "facil_149", "facil_152", "facil_154", "facil_156", "facil_180"], "cust_274": ["facil_3", "facil_24", "facil_29", "facil_68", "facil_79", "facil_80", "facil_121", "facil_129", "facil_134", "facil_150", "facil_158", "facil_163", "facil_169"], "cust_275": ["facil_4", "facil_21", "facil_22", "facil_56", "facil_72", "facil_73", "facil_74", "facil_75", "facil_110", "facil_133", "facil_139", "facil_155", "facil_171", "facil_186", "facil_197", "facil_198"], "cust_276": ["facil_22", "facil_23", "facil_39", "facil_41", "facil_56", "facil_72", "facil_74", "facil_75", "facil_133", "facil_171", "facil_186", "facil_197"], "cust_277": ["facil_26", "facil_27", "facil_28", "facil_40", "facil_53", "facil_58", "facil_105", "facil_111", "facil_112", "facil_138", "facil_146", "facil_152", "facil_154", "facil_156", "facil_180"], "cust_278": ["facil_21", "facil_26", "facil_40", "facil_58", "facil_72", "facil_73", "facil_105", "facil_110", "facil_149", "facil_152", "facil_179", "facil_180", "facil_195", "facil_198"], "cust_279": ["facil_65"], "cust_280": ["facil_20", "facil_30", "facil_32", "facil_51", "facil_103", "facil_122", "facil_128", "facil_131", "facil_160", "facil_188"], "cust_281": ["facil_8", "facil_45", "facil_60", "facil_82", "facil_83", "facil_84", "facil_114", "facil_118", "facil_125", "facil_174", "facil_199"], "cust_282": ["facil_5", "facil_18", "facil_60", "facil_61", "facil_83", "facil_84", "facil_93", "facil_96", "facil_99", "facil_104", "facil_118", "facil_166", "facil_173", "facil_199"], "cust_283": ["facil_10", "facil_32", "facil_63", "facil_90", "facil_108", "facil_126", "facil_131", "facil_159", "facil_189"], "cust_284": ["facil_20", "facil_30", "facil_32", "facil_51", "facil_103", "facil_122", "facil_128", "facil_131", "facil_160", "facil_188"], "cust_285": ["facil_11", "facil_19", "facil_62", "facil_63", "facil_90", "facil_107", "facil_108", "facil_126", "facil_159", "facil_175"], "cust_286": ["facil_10", "facil_11", "facil_19", "facil_62", "facil_63", "facil_107", "facil_108", "facil_123", "facil_126", "facil_148", "facil_159", "facil_175", "facil_182", "facil_189"], "cust_287": ["facil_65"], "cust_288": ["facil_11", "facil_19", "facil_63", "facil_64", "facil_107", "facil_126", "facil_175"], "cust_289": ["facil_14", "facil_37", "facil_42", "facil_59", "facil_85", "facil_87", "facil_91", "facil_92", "facil_93", "facil_95", "facil_97", "facil_98", "facil_100", "facil_119", "facil_142", "facil_144", "facil_151", "facil_172", "facil_191", "facil_192", "facil_193"], "cust_290": ["facil_9", "facil_34", "facil_35", "facil_71", "facil_120", "facil_135", "facil_136", "facil_161", "facil_164"], "cust_291": ["facil_3", "facil_12", "facil_24", "facil_29", "facil_54", "facil_68", "facil_77", "facil_80", "facil_109", "facil_116", "facil_121", "facil_134", "facil_150", "facil_158", "facil_163", "facil_177", "facil_184", "facil_196"], "cust_292": ["facil_5", "facil_6", "facil_59", "facil_60", "facil_61", "facil_83", "facil_84", "facil_85", "facil_89", "facil_92", "facil_93", "facil_94", "facil_95", "facil_96", "facil_98", "facil_99", "facil_104", "facil_118", "facil_147", "facil_151", "facil_166", "facil_173", "facil_183"], "cust_293": ["facil_19", "facil_36", "facil_47", "facil_49", "facil_124", "facil_143", "facil_168"], "cust_294": ["facil_2", "facil_6", "facil_13", "facil_40", "facil_53", "facil_58", "facil_87", "facil_92", "facil_94", "facil_95", "facil_96", "facil_97", "facil_112", "facil_115", "facil_117", "facil_137", "facil_144", "facil_151", "facil_152", "facil_178", "facil_183"], "cust_295": ["facil_5", "facil_16", "facil_17", "facil_60", "facil_61", "facil_83", "facil_84", "facil_85", "facil_93", "facil_99", "facil_104", "facil_113", "facil_118", "facil_125", "facil_173", "facil_199"], "cust_296": ["facil_17", "facil_45", "facil_125"], "cust_297": ["facil_5", "facil_16", "facil_17", "facil_59", "facil_60", "facil_61", "facil_84", "facil_85", "facil_91", "facil_93", "facil_98", "facil_99", "facil_104", "facil_113", "facil_118", "facil_173", "facil_193"], "cust_298": ["facil_21", "facil_22", "facil_23", "facil_41", "facil_56", "facil_72", "facil_73", "facil_74", "facil_75", "facil_110", "facil_133", "facil_145", "facil_171", "facil_186", "facil_197", "facil_198"], "cust_299": ["facil_31", "facil_52", "facil_69", "facil_70", "facil_88", "facil_101", "facil_106", "facil_127", "facil_132", "facil_148", "facil_159", "facil_162", "facil_167", "facil_182", "facil_190", "facil_194"], "cust_300": ["facil_24", "facil_29", "facil_54", "facil_68", "facil_80", "facil_121", "facil_130", "facil_134", "facil_150", "facil_163", "facil_177"], "cust_301": ["facil_5", "facil_6", "facil_18", "facil_60", "facil_83", "facil_89", "facil_94", "facil_96", "facil_99", "facil_104", "facil_118", "facil_147", "facil_166", "facil_183", "facil_199"], "cust_302": ["facil_2", "facil_13", "facil_40", "facil_58", "facil_87", "facil_94", "facil_95", "facil_97", "facil_115", "facil_117", "facil_137", "facil_144", "facil_152", "facil_178", "facil_183"], "cust_303": ["facil_6", "facil_13", "facil_37", "facil_42", "facil_59", "facil_85", "facil_87", "facil_92", "facil_93", "facil_94", "facil_95", "facil_96", "facil_97", "facil_98", "facil_99", "facil_100", "facil_104", "facil_117", "facil_137", "facil_144", "facil_151", "facil_172", "facil_183", "facil_193"], "cust_304": ["facil_6", "facil_13", "facil_53", "facil_58", "facil_59", "facil_89", "facil_92", "facil_94", "facil_95", "facil_96", "facil_97", "facil_99", "facil_104", "facil_112", "facil_117", "facil_137", "facil_147", "facil_151", "facil_152", "facil_156", "facil_183"], "cust_305": ["facil_2", "facil_13", "facil_57", "facil_58", "facil_59", "facil_87", "facil_92", "facil_94", "facil_95", "facil_97", "facil_115", "facil_117", "facil_137", "facil_144", "facil_151", "facil_152", "facil_172", "facil_178", "facil_183"], "cust_306": ["facil_25", "facil_55", "facil_165", "facil_170"], "cust_307": ["facil_20", "facil_66", "facil_71", "facil_103", "facil_128", "facil_161", "facil_188"], "cust_308": ["facil_3", "facil_9", "facil_33", "facil_34", "facil_78", "facil_79", "facil_81", "facil_120", "facil_129", "facil_158", "facil_164", "facil_169", "facil_185"], "cust_309": ["facil_6", "facil_13", "facil_40", "facil_53", "facil_58", "facil_89", "facil_94", "facil_95", "facil_97", "facil_105", "facil_112", "facil_117", "facil_137", "facil_147", "facil_152", "facil_156", "facil_183"], "cust_310": ["facil_9", "facil_33", "facil_51", "facil_78", "facil_79", "facil_81", "facil_102", "facil_103", "facil_120", "facil_157", "facil_161", "facil_185"], "cust_311": ["facil_9", "facil_20", "facil_33", "facil_51", "facil_71", "facil_81", "facil_103", "facil_120", "facil_161", "facil_188"], "cust_312": ["facil_20", "facil_30", "facil_51", "facil_70", "facil_103", "facil_122", "facil_128", "facil_131", "facil_160", "facil_188"], "cust_313": ["facil_1", "facil_27", "facil_28", "facil_69", "facil_111", "facil_132", "facil_138", "facil_146", "facil_154", "facil_156", "facil_167", "facil_176"], "cust_314": ["facil_2", "facil_15", "facil_22", "facil_41", "facil_57", "facil_115", "facil_144", "facil_145", "facil_171", "facil_178"], "cust_315": ["facil_2", "facil_13", "facil_40", "facil_57", "facil_58", "facil_87", "facil_95", "facil_97", "facil_115", "facil_117", "facil_137", "facil_144", "facil_152", "facil_178"], "cust_316": ["facil_5", "facil_16", "facil_37", "facil_44", "facil_59", "facil_61", "facil_85", "facil_91", "facil_92", "facil_93", "facil_95", "facil_96", "facil_97", "facil_98", "facil_99", "facil_100", "facil_104", "facil_119", "facil_141", "facil_151", "facil_173", "facil_191", "facil_192", "facil_193"], "cust_317": ["facil_12", "facil_26", "facil_28", "facil_53", "facil_76", "facil_105", "facil_109", "facil_111", "facil_116", "facil_138", "facil_149", "facil_154", "facil_180", "facil_184", "facil_195", "facil_196"], "cust_318": ["facil_1", "facil_27", "facil_28", "facil_31", "facil_52", "facil_69", "facil_101", "facil_111", "facil_127", "facil_132", "facil_146", "facil_156", "facil_162", "facil_167", "facil_176", "facil_190"], "cust_319": ["facil_22", "facil_23", "facil_41", "facil_56", "facil_72", "facil_73", "facil_74", "facil_75", "facil_133", "facil_145", "facil_171", "facil_186", "facil_197"], "cust_320": ["facil_3", "facil_29", "facil_33", "facil_34", "facil_77", "facil_78", "facil_79", "facil_81", "facil_120", "facil_121", "facil_129", "facil_158", "facil_164", "facil_169", "facil_185"], "cust_321": ["facil_10", "facil_30", "facil_31", "facil_32", "facil_70", "facil_90", "facil_101", "facil_108", "facil_122", "facil_131", "facil_159", "facil_160", "facil_189"], "cust_322": ["facil_4", "facil_21", "facil_54", "facil_109", "facil_110", "facil_130", "facil_149", "facil_155", "facil_165", "facil_179", "facil_195", "facil_197", "facil_198"], "cust_323": ["facil_9", "facil_35", "facil_66", "facil_71", "facil_103", "facil_120", "facil_135", "facil_136", "facil_161", "facil_188"], "cust_324": ["facil_3", "facil_24", "facil_29", "facil_54", "facil_68", "facil_77", "facil_80", "facil_109", "facil_116", "facil_121", "facil_134", "facil_150", "facil_158", "facil_163", "facil_177"], "cust_325": ["facil_24", "facil_54", "facil_55", "facil_130", "facil_134", "facil_163", "facil_165"], "cust_326": ["facil_3", "facil_12", "facil_50", "facil_68", "facil_76", "facil_77", "facil_80", "facil_109", "facil_111", "facil_116", "facil_138", "facil_150", "facil_154", "facil_158", "facil_177", "facil_184", "facil_195", "facil_196"], "cust_327": ["facil_1", "facil_12", "facil_27", "facil_28", "facil_50", "facil_69", "facil_76", "facil_77", "facil_102", "facil_111", "facil_116", "facil_132", "facil_138", "facil_154", "facil_176", "facil_184", "facil_196"], "cust_328": ["facil_3", "facil_33", "facil_34", "facil_78", "facil_79", "facil_81", "facil_120", "facil_129", "facil_158", "facil_164", "facil_169", "facil_185"], "cust_329": ["facil_4", "facil_25", "facil_39", "facil_54", "facil_55", "facil_56", "facil_110", "facil_130", "facil_139", "facil_155", "facil_165", "facil_179", "facil_187", "facil_197"], "cust_330": ["facil_6", "facil_13", "facil_37", "facil_42", "facil_59", "facil_85", "facil_87", "facil_91", "facil_92", "facil_93", "facil_94", "facil_95", "facil_96", "facil_97", "facil_98", "facil_99", "facil_100", "facil_104", "facil_117", "facil_137", "facil_144", "facil_151", "facil_172", "facil_183", "facil_193"], "cust_331": ["facil_7", "facil_18", "facil_52", "facil_82", "facil_88", "facil_89", "facil_106", "facil_127", "facil_153", "facil_166", "facil_194"], "cust_332": ["facil_5", "facil_6", "facil_13", "facil_37", "facil_59", "facil_60", "facil_61", "facil_85", "facil_89", "facil_92", "facil_93", "facil_94", "facil_95", "facil_96", "facil_97", "facil_98", "facil_99", "facil_104", "facil_117", "facil_118", "facil_147", "facil_151", "facil_166", "facil_183"], "cust_333": ["facil_3", "facil_12", "facil_29", "facil_50", "facil_68", "facil_76", "facil_77", "facil_79", "facil_80", "facil_102", "facil_109", "facil_116", "facil_121", "facil_129", "facil_150", "facil_157", "facil_158", "facil_163", "facil_169", "facil_177", "facil_184", "facil_185", "facil_196"], "cust_334": ["facil_5", "facil_6", "facil_16", "facil_37", "facil_59", "facil_61", "facil_85", "facil_91", "facil_92", "facil_93", "facil_94", "facil_95", "facil_96", "facil_97", "facil_98", "facil_99", "facil_100", "facil_104", "facil_117", "facil_151", "facil_173", "facil_191", "facil_192", "facil_193"], "cust_335": ["facil_10", "facil_11", "facil_62", "facil_63", "facil_90", "facil_107", "facil_108", "facil_126", "facil_159", "facil_175", "facil_189"], "cust_336": ["facil_4", "facil_22", "facil_23", "facil_39", "facil_56", "facil_72", "facil_74", "facil_75", "facil_133", "facil_139", "facil_155", "facil_186", "facil_187", "facil_197"], "cust_337": ["facil_2", "facil_21", "facil_40", "facil_57", "facil_58", "facil_72", "facil_73", "facil_74", "facil_115", "facil_137", "facil_144", "facil_145", "facil_152", "facil_171", "facil_178", "facil_180"], "cust_338": ["facil_27", "facil_31", "facil_52", "facil_69", "facil_88", "facil_101", "facil_127", "facil_132", "facil_146", "facil_162", "facil_167", "facil_190"], "cust_339": ["facil_20", "facil_30", "facil_51", "facil_70", "facil_103", "facil_122", "facil_128", "facil_160", "facil_188"], "cust_340": ["facil_14", "facil_16", "facil_44", "facil_86", "facil_91", "facil_100", "facil_119", "facil_140", "facil_141", "facil_191", "facil_192", "facil_193"], "cust_341": ["facil_15", "facil_43", "facil_142"], "cust_342": ["facil_10", "facil_30", "facil_32", "facil_63", "facil_70", "facil_90", "facil_108", "facil_126", "facil_131", "facil_159", "facil_160", "facil_189"], "cust_343": ["facil_9", "facil_34", "facil_35", "facil_51", "facil_71", "facil_81", "facil_103", "facil_120", "facil_135", "facil_136", "facil_161", "facil_164"], "cust_344": ["facil_4", "facil_21", "facil_26", "facil_54", "facil_72", "facil_109", "facil_110", "facil_130", "facil_149", "facil_155", "facil_179", "facil_180", "facil_195", "facil_197", "facil_198"], "cust_345": ["facil_13", "facil_37", "facil_42", "facil_59", "facil_85", "facil_87", "facil_91", "facil_92", "facil_93", "facil_94", "facil_95", "facil_96", "facil_97", "facil_98", "facil_99", "facil_100", "facil_104", "facil_117", "facil_137", "facil_144", "facil_151", "facil_172", "facil_183", "facil_193"], "cust_346": ["facil_7", "facil_10", "facil_31", "facil_62", "facil_88", "facil_106", "facil_108", "facil_127", "facil_148", "facil_159", "facil_162", "facil_182", "facil_189", "facil_190", "facil_194"], "cust_347": ["facil_9", "facil_33", "facil_34", "facil_35", "facil_78", "facil_81", "facil_103", "facil_120", "facil_135", "facil_161", "facil_164", "facil_185"], "cust_348": ["facil_7", "facil_19", "facil_48", "facil_62", "facil_82", "facil_88", "facil_106", "facil_107", "facil_123", "facil_148", "facil_159", "facil_168", "facil_175", "facil_182", "facil_194"], "cust_349": ["facil_63", "facil_64", "facil_126", "facil_181"], "cust_350": ["facil_24", "facil_54", "facil_55", "facil_130", "facil_134", "facil_163", "facil_165", "facil_177"], "cust_351": ["facil_181"], "cust_352": ["facil_6", "facil_18", "facil_27", "facil_52", "facil_89", "facil_112", "facil_146", "facil_147", "facil_153", "facil_156", "facil_166", "facil_167", "facil_183"], "cust_353": ["facil_8", "facil_45", "facil_46", "facil_125", "facil_174"], "cust_354": ["facil_38"], "cust_355": ["facil_2", "facil_22", "facil_41", "facil_57", "facil_72", "facil_73", "facil_74", "facil_75", "facil_115", "facil_133", "facil_145", "facil_171", "facil_178"], "cust_356": ["facil_1", "facil_3", "facil_33", "facil_50", "facil_51", "facil_76", "facil_77", "facil_79", "facil_81", "facil_102", "facil_116", "facil_129", "facil_157", "facil_158", "facil_176", "facil_184", "facil_185", "facil_196"], "cust_357": ["facil_38", "facil_140"], "cust_358": ["facil_9", "facil_34", "facil_78", "facil_79", "facil_81", "facil_120", "facil_129", "facil_135", "facil_164", "facil_169", "facil_185"], "cust_359": ["facil_5", "facil_6", "facil_37", "facil_59", "facil_60", "facil_61", "facil_83", "facil_84", "facil_85", "facil_92", "facil_93", "facil_96", "facil_98", "facil_99", "facil_104", "facil_118", "facil_147", "facil_151", "facil_166", "facil_173", "facil_199"], "cust_360": ["facil_25", "facil_39", "facil_67", "facil_139", "facil_170", "facil_187"], "cust_361": ["facil_5", "facil_6", "facil_18", "facil_60", "facil_83", "facil_84", "facil_89", "facil_114", "facil_118", "facil_147", "facil_153", "facil_166", "facil_199"], "cust_362": ["facil_3", "facil_24", "facil_29", "facil_68", "facil_77", "facil_78", "facil_79", "facil_80", "facil_116", "facil_121", "facil_129", "facil_150", "facil_158", "facil_163", "facil_169", "facil_185", "facil_196"], "cust_363": ["facil_7", "facil_19", "facil_47", "facil_48", "facil_82", "facil_107", "facil_123", "facil_124", "facil_168", "facil_175", "facil_182"], "cust_364": ["facil_3", "facil_24", "facil_29", "facil_68", "facil_77", "facil_79", "facil_80", "facil_116", "facil_121", "facil_129", "facil_134", "facil_150", "facil_158", "facil_163", "facil_169", "facil_177"], "cust_365": ["facil_19", "facil_47", "facil_48", "facil_82", "facil_107", "facil_123", "facil_124", "facil_168", "facil_175"], "cust_366": ["facil_4", "facil_54", "facil_55", "facil_110", "facil_130", "facil_139", "facil_149", "facil_155", "facil_165", "facil_179", "facil_187", "facil_195", "facil_197", "facil_198"], "cust_367": ["facil_3", "facil_29", "facil_33", "facil_68", "facil_76", "facil_77", "facil_78", "facil_79", "facil_80", "facil_81", "facil_102", "facil_116", "facil_121", "facil_129", "facil_150", "facil_157", "facil_158", "facil_169", "facil_185", "facil_196"], "cust_368": ["facil_5", "facil_16", "facil_17", "facil_59", "facil_60", "facil_61", "facil_84", "facil_85", "facil_91", "facil_93", "facil_98", "facil_99", "facil_104", "facil_113", "facil_118", "facil_173", "facil_193"], "cust_369": ["facil_14", "facil_16", "facil_37", "facil_42", "facil_44", "facil_59", "facil_61", "facil_85", "facil_87", "facil_91", "facil_92", "facil_93", "facil_95", "facil_97", "facil_98", "facil_99", "facil_100", "facil_104", "facil_119", "facil_141", "facil_142", "facil_151", "facil_172", "facil_191", "facil_192", "facil_193"], "cust_370": ["facil_10", "facil_11", "facil_19", "facil_62", "facil_63", "facil_90", "facil_107", "facil_108", "facil_123", "facil_126", "facil_148", "facil_159", "facil_175", "facil_182", "facil_189"], "cust_371": ["facil_20", "facil_30", "facil_32", "facil_51", "facil_103", "facil_122", "facil_128", "facil_131", "facil_160", "facil_188"], "cust_372": ["facil_10", "facil_30", "facil_31", "facil_70", "facil_90", "facil_101", "facil_108", "facil_122", "facil_148", "facil_159", "facil_160", "facil_162", "facil_189", "facil_190"], "cust_373": ["facil_2", "facil_6", "facil_13", "facil_58", "facil_59", "facil_87", "facil_92", "facil_94", "facil_95", "facil_96", "facil_97", "facil_112", "facil_115", "facil_117", "facil_137", "facil_144", "facil_151", "facil_152", "facil_178", "facil_183"], "cust_374": ["facil_2", "facil_6", "facil_13", "facil_37", "facil_58", "facil_59", "facil_87", "facil_92", "facil_93", "facil_94", "facil_95", "facil_96", "facil_97", "facil_98", "facil_99", "facil_100", "facil_104", "facil_117", "facil_137", "facil_144", "facil_151", "facil_152", "facil_172", "facil_183"], "cust_375": ["facil_14", "facil_38", "facil_44", "facil_119", "facil_140"], "cust_376": ["facil_6", "facil_18", "facil_27", "facil_52", "facil_53", "facil_89", "facil_94", "facil_112", "facil_146", "facil_147", "facil_156", "facil_166", "facil_183"], "cust_377": ["facil_36", "facil_47", "facil_49", "facil_124", "facil_143", "facil_168"], "cust_378": ["facil_17", "facil_45", "facil_84", "facil_113", "facil_125", "facil_173"], "cust_379": ["facil_20", "facil_30", "facil_32", "facil_51", "facil_70", "facil_122", "facil_128", "facil_131", "facil_160", "facil_188"], "cust_380": ["facil_3", "facil_33", "facil_50", "facil_77", "facil_78", "facil_79", "facil_81", "facil_102", "facil_116", "facil_120", "facil_129", "facil_157", "facil_158", "facil_164", "facil_169", "facil_185", "facil_196"], "cust_381": ["facil_24", "facil_29", "facil_54", "facil_68", "facil_80", "facil_121", "facil_134", "facil_150", "facil_163", "facil_177"], "cust_382": ["facil_9", "facil_34", "facil_35", "facil_78", "facil_120", "facil_135", "facil_136", "facil_161", "facil_164"], "cust_383": ["facil_10", "facil_30", "facil_31", "facil_70", "facil_101", "facil_108", "facil_122", "facil_160", "facil_162", "facil_189"], "cust_384": ["facil_22", "facil_23", "facil_41", "facil_56", "facil_74", "facil_75", "facil_133", "facil_145", "facil_171", "facil_186"], "cust_385": ["facil_5", "facil_6", "facil_13", "facil_59", "facil_60", "facil_89", "facil_92", "facil_93", "facil_94", "facil_95", "facil_96", "facil_97", "facil_99", "facil_104", "facil_112", "facil_117", "facil_118", "facil_147", "facil_151", "facil_156", "facil_166", "facil_183"], "cust_386": ["facil_3", "facil_33", "facil_50", "facil_76", "facil_77", "facil_79", "facil_81", "facil_102", "facil_116", "facil_129", "facil_157", "facil_158", "facil_184", "facil_185", "facil_196"], "cust_387": ["facil_9", "facil_20", "facil_35", "facil_51", "facil_71", "facil_81", "facil_103", "facil_120", "facil_135", "facil_161", "facil_164", "facil_188"], "cust_388": ["facil_15", "facil_41", "facil_57", "facil_145"], "cust_389": ["facil_1", "facil_10", "facil_30", "facil_31", "facil_69", "facil_70", "facil_101", "facil_108", "facil_122", "facil_127", "facil_132", "facil_162", "facil_176", "facil_189", "facil_190"], "cust_390": ["facil_2", "facil_15", "facil_22", "facil_41", "facil_57", "facil_115", "facil_144", "facil_145", "facil_171", "facil_178"], "cust_391": ["facil_24", "facil_29", "facil_121", "facil_134", "facil_163"], "cust_392": ["facil_7", "facil_8", "facil_47", "facil_48", "facil_82", "facil_106", "facil_114", "facil_123", "facil_124", "facil_153", "facil_168", "facil_174", "facil_182", "facil_194"], "cust_393": ["facil_5", "facil_17", "facil_45", "facil_60", "facil_61", "facil_83", "facil_84", "facil_113", "facil_118", "facil_125", "facil_173", "facil_199"], "cust_394": ["facil_9", "facil_20", "facil_30", "facil_33", "facil_51", "facil_81", "facil_102", "facil_103", "facil_120", "facil_122", "facil_157", "facil_161", "facil_188"], "cust_395": ["facil_5", "facil_8", "facil_18", "facil_60", "facil_83", "facil_84", "facil_114", "facil_118", "facil_125", "facil_147", "facil_166", "facil_173", "facil_199"], "cust_396": ["facil_1", "facil_3", "facil_33", "facil_50", "facil_76", "facil_77", "facil_79", "facil_81", "facil_102", "facil_116", "facil_129", "facil_157", "facil_158", "facil_176", "facil_184", "facil_185", "facil_196"], "cust_397": ["facil_3", "facil_12", "facil_29", "facil_68", "facil_76", "facil_77", "facil_79", "facil_80", "facil_109", "facil_116", "facil_121", "facil_129", "facil_134", "facil_150", "facil_158", "facil_163", "facil_169", "facil_177", "facil_184", "facil_185", "facil_196"], "cust_398": ["facil_12", "facil_54", "facil_55", "facil_68", "facil_80", "facil_109", "facil_130", "facil_134", "facil_149", "facil_150", "facil_163", "facil_165", "facil_177", "facil_179", "facil_195"]}