{"cust_1": ["facil_32"], "cust_2": ["facil_20", "facil_38"], "cust_3": ["facil_13", "facil_18", "facil_32", "facil_35"], "cust_4": ["facil_20"], "cust_5": ["facil_19", "facil_37"], "cust_6": ["facil_34"], "cust_7": ["facil_10", "facil_11", "facil_36"], "cust_8": ["facil_7", "facil_22", "facil_33"], "cust_9": ["facil_8", "facil_17", "facil_31", "facil_40"], "cust_10": ["facil_32", "facil_38"], "cust_11": ["facil_11"], "cust_12": ["facil_3"], "cust_13": ["facil_2", "facil_24", "facil_30", "facil_39"], "cust_14": ["facil_1", "facil_4", "facil_14", "facil_15"], "cust_15": ["facil_19"], "cust_16": ["facil_19", "facil_37"], "cust_17": ["facil_1", "facil_4", "facil_14", "facil_15"], "cust_18": ["facil_18", "facil_32"], "cust_19": ["facil_20"], "cust_20": ["facil_7", "facil_9", "facil_33"], "cust_21": ["facil_7", "facil_22", "facil_33"], "cust_22": ["facil_29"], "cust_23": ["facil_10", "facil_16", "facil_27", "facil_36"], "cust_24": ["facil_20"], "cust_25": ["facil_13", "facil_18", "facil_35"], "cust_26": ["facil_6", "facil_16", "facil_28"], "cust_27": ["facil_2", "facil_6", "facil_28", "facil_39"], "cust_28": ["facil_8", "facil_21", "facil_29", "facil_31", "facil_40"], "cust_29": ["facil_13", "facil_18", "facil_35"], "cust_30": ["facil_2", "facil_30", "facil_39"], "cust_31": ["facil_9"], "cust_32": ["facil_5", "facil_24"], "cust_33": ["facil_13", "facil_18", "facil_35"], "cust_34": ["facil_1", "facil_4", "facil_7", "facil_14"], "cust_35": ["facil_8", "facil_17", "facil_31", "facil_38", "facil_40"], "cust_36": ["facil_1", "facil_7", "facil_14", "facil_26"], "cust_37": ["facil_7", "facil_22"], "cust_38": ["facil_38", "facil_40"], "cust_39": ["facil_2", "facil_30", "facil_39"], "cust_40": ["facil_5", "facil_11"], "cust_41": ["facil_5", "facil_11", "facil_30"], "cust_42": ["facil_5", "facil_11", "facil_30"], "cust_43": ["facil_18", "facil_32"], "cust_44": ["facil_8", "facil_17", "facil_31", "facil_40"], "cust_45": ["facil_6", "facil_17", "facil_28", "facil_40"], "cust_46": ["facil_8", "facil_17", "facil_31", "facil_40"], "cust_47": ["facil_11"], "cust_48": ["facil_12", "facil_23"], "cust_49": ["facil_8", "facil_17", "facil_31", "facil_40"], "cust_50": ["facil_10", "facil_36"], "cust_51": ["facil_26", "facil_34"], "cust_52": ["facil_22", "facil_33"], "cust_53": ["facil_2", "facil_30", "facil_39"], "cust_54": ["facil_12", "facil_23"], "cust_55": ["facil_1", "facil_4", "facil_7", "facil_14", "facil_15", "facil_26"], "cust_56": ["facil_12"], "cust_57": ["facil_1", "facil_4", "facil_14", "facil_15", "facil_26"], "cust_58": ["facil_12", "facil_37"], "cust_59": ["facil_8", "facil_21", "facil_29", "facil_31"], "cust_60": ["facil_13", "facil_18", "facil_32", "facil_35"], "cust_61": ["facil_9", "facil_22", "facil_33"], "cust_62": ["facil_7", "facil_26", "facil_34"], "cust_63": ["facil_32"], "cust_64": ["facil_2", "facil_5", "facil_11", "facil_24", "facil_30"], "cust_65": ["facil_7", "facil_22", "facil_33"], "cust_66": ["facil_4", "facil_10", "facil_14", "facil_15"], "cust_67": ["facil_10", "facil_11", "facil_36"], "cust_68": ["facil_8", "facil_21", "facil_31", "facil_40"], "cust_69": ["facil_8", "facil_17", "facil_31", "facil_40"], "cust_70": ["facil_8", "facil_17", "facil_31", "facil_40"], "cust_71": ["facil_5", "facil_11", "facil_24", "facil_30"], "cust_72": ["facil_7", "facil_22", "facil_33"], "cust_73": ["facil_34"], "cust_74": ["facil_6", "facil_16", "facil_28"], "cust_75": ["facil_2", "facil_6", "facil_28", "facil_30", "facil_39"], "cust_76": ["facil_8", "facil_21", "facil_31"], "cust_77": ["facil_19", "facil_37"], "cust_78": ["facil_10", "facil_15", "facil_36"], "cust_79": ["facil_8", "facil_21", "facil_31", "facil_38", "facil_40"], "cust_80": ["facil_4", "facil_10", "facil_15", "facil_27"]}