{"cust_1": ["facil_20", "facil_60", "facil_70", "facil_71"], "cust_2": ["facil_2", "facil_4", "facil_5", "facil_6", "facil_27", "facil_29", "facil_30", "facil_34", "facil_45", "facil_46", "facil_48", "facil_52", "facil_67", "facil_68", "facil_74", "facil_75"], "cust_3": ["facil_2", "facil_21", "facil_22", "facil_28", "facil_30", "facil_47", "facil_48", "facil_61", "facil_62", "facil_73", "facil_74"], "cust_4": ["facil_1", "facil_2", "facil_21", "facil_22", "facil_28", "facil_61", "facil_62", "facil_73", "facil_74"], "cust_5": ["facil_5", "facil_21", "facil_36", "facil_37", "facil_47", "facil_48", "facil_61", "facil_69", "facil_71", "facil_74"], "cust_6": ["facil_2", "facil_5", "facil_15", "facil_21", "facil_28", "facil_29", "facil_30", "facil_36", "facil_37", "facil_45", "facil_47", "facil_48", "facil_74"], "cust_7": ["facil_23", "facil_24", "facil_49", "facil_56"], "cust_8": ["facil_4", "facil_7", "facil_8", "facil_12", "facil_19", "facil_26", "facil_27", "facil_34", "facil_35", "facil_46", "facil_52", "facil_53", "facil_67", "facil_75"], "cust_9": ["facil_7", "facil_10", "facil_11", "facil_14", "facil_35", "facil_38", "facil_53", "facil_58", "facil_65", "facil_66"], "cust_10": ["facil_4", "facil_7", "facil_8", "facil_12", "facil_17", "facil_26", "facil_34", "facil_35", "facil_40", "facil_46", "facil_52", "facil_58", "facil_67", "facil_68", "facil_75"], "cust_11": ["facil_7", "facil_8", "facil_10", "facil_11", "facil_14", "facil_19", "facil_26", "facil_35", "facil_38", "facil_46", "facil_53", "facil_58", "facil_65", "facil_67"], "cust_12": ["facil_4", "facil_5", "facil_8", "facil_13", "facil_15", "facil_27", "facil_29", "facil_30", "facil_34", "facil_45", "facil_46", "facil_48", "facil_52", "facil_57", "facil_67", "facil_75"], "cust_13": ["facil_3", "facil_9", "facil_12", "facil_17", "facil_26", "facil_32", "facil_39", "facil_40", "facil_44", "facil_51", "facil_58", "facil_72"], "cust_14": ["facil_1", "facil_3", "facil_16", "facil_23", "facil_33", "facil_43", "facil_49", "facil_51", "facil_56", "facil_63", "facil_73"], "cust_15": ["facil_3", "facil_9", "facil_12", "facil_17", "facil_25", "facil_32", "facil_39", "facil_40", "facil_44", "facil_50", "facil_58", "facil_72"], "cust_16": ["facil_3", "facil_6", "facil_12", "facil_16", "facil_17", "facil_26", "facil_32", "facil_40", "facil_44", "facil_51", "facil_68", "facil_75"], "cust_17": ["facil_25", "facil_31", "facil_55"], "cust_18": ["facil_1", "facil_2", "facil_21", "facil_22", "facil_28", "facil_30", "facil_33", "facil_48", "facil_61", "facil_62", "facil_68", "facil_73", "facil_74"], "cust_19": ["facil_1", "facil_22", "facil_23", "facil_41", "facil_42", "facil_43", "facil_56", "facil_62", "facil_64", "facil_73"], "cust_20": ["facil_4", "facil_5", "facil_8", "facil_13", "facil_15", "facil_27", "facil_29", "facil_34", "facil_45", "facil_46", "facil_52", "facil_54", "facil_57"], "cust_21": ["facil_1", "facil_2", "facil_4", "facil_6", "facil_16", "facil_28", "facil_30", "facil_33", "facil_51", "facil_62", "facil_63", "facil_68", "facil_73", "facil_74", "facil_75"], "cust_22": ["facil_21", "facil_28", "facil_36", "facil_47", "facil_61", "facil_69", "facil_74"], "cust_23": ["facil_4", "facil_7", "facil_8", "facil_13", "facil_19", "facil_27", "facil_29", "facil_34", "facil_35", "facil_45", "facil_46", "facil_52", "facil_54", "facil_67"], "cust_24": ["facil_25", "facil_31", "facil_55"], "cust_25": ["facil_4", "facil_6", "facil_7", "facil_12", "facil_17", "facil_26", "facil_34", "facil_40", "facil_46", "facil_51", "facil_67", "facil_68", "facil_75"], "cust_26": ["facil_1", "facil_2", "facil_22", "facil_28", "facil_33", "facil_41", "facil_42", "facil_43", "facil_62", "facil_63", "facil_73"], "cust_27": ["facil_5", "facil_20", "facil_36", "facil_37", "facil_47", "facil_60", "facil_69", "facil_70", "facil_71"], "cust_28": ["facil_7", "facil_10", "facil_11", "facil_14", "facil_35", "facil_38", "facil_53", "facil_58", "facil_65", "facil_72"], "cust_29": ["facil_4", "facil_7", "facil_8", "facil_13", "facil_26", "facil_27", "facil_29", "facil_30", "facil_34", "facil_45", "facil_46", "facil_52", "facil_67", "facil_68", "facil_75"], "cust_30": ["facil_1", "facil_2", "facil_4", "facil_6", "facil_28", "facil_30", "facil_33", "facil_48", "facil_51", "facil_62", "facil_68", "facil_73", "facil_74", "facil_75"], "cust_31": ["facil_9", "facil_10", "facil_12", "facil_32", "facil_38", "facil_39", "facil_40", "facil_58", "facil_72"], "cust_32": ["facil_9", "facil_10", "facil_12", "facil_31", "facil_38", "facil_39", "facil_40", "facil_58", "facil_72"], "cust_33": ["facil_4", "facil_7", "facil_8", "facil_13", "facil_26", "facil_27", "facil_29", "facil_30", "facil_34", "facil_45", "facil_46", "facil_52", "facil_67", "facil_68", "facil_75"], "cust_34": ["facil_41", "facil_42", "facil_43", "facil_64"], "cust_35": ["facil_3", "facil_6", "facil_9", "facil_12", "facil_16", "facil_17", "facil_26", "facil_32", "facil_39", "facil_40", "facil_44", "facil_51", "facil_67", "facil_68", "facil_72", "facil_75"], "cust_36": ["facil_3", "facil_9", "facil_10", "facil_12", "facil_17", "facil_26", "facil_32", "facil_39", "facil_40", "facil_44", "facil_58", "facil_72"], "cust_37": ["facil_9", "facil_10", "facil_12", "facil_38", "facil_39", "facil_58", "facil_65", "facil_72"], "cust_38": ["facil_2", "facil_4", "facil_6", "facil_12", "facil_17", "facil_26", "facil_30", "facil_33", "facil_34", "facil_40", "facil_46", "facil_51", "facil_67", "facil_68", "facil_75"], "cust_39": ["facil_10", "facil_11", "facil_31", "facil_38", "facil_58", "facil_65", "facil_66"], "cust_40": ["facil_2", "facil_4", "facil_6", "facil_26", "facil_27", "facil_29", "facil_30", "facil_34", "facil_45", "facil_46", "facil_48", "facil_51", "facil_52", "facil_67", "facil_68", "facil_74", "facil_75"], "cust_41": ["facil_4", "facil_7", "facil_8", "facil_13", "facil_19", "facil_27", "facil_29", "facil_34", "facil_35", "facil_45", "facil_46", "facil_52", "facil_54", "facil_57", "facil_67"], "cust_42": ["facil_4", "facil_5", "facil_8", "facil_13", "facil_15", "facil_27", "facil_29", "facil_30", "facil_34", "facil_45", "facil_46", "facil_48", "facil_52", "facil_54", "facil_57", "facil_67"], "cust_43": ["facil_3", "facil_6", "facil_9", "facil_12", "facil_16", "facil_17", "facil_32", "facil_40", "facil_44", "facil_51"], "cust_44": ["facil_7", "facil_8", "facil_11", "facil_14", "facil_19", "facil_35", "facil_46", "facil_53", "facil_54", "facil_59"], "cust_45": ["facil_20", "facil_37", "facil_60", "facil_70", "facil_71"], "cust_46": ["facil_21", "facil_36", "facil_47", "facil_61", "facil_69", "facil_71"], "cust_47": ["facil_20", "facil_36", "facil_37", "facil_60", "facil_70", "facil_71"], "cust_48": ["facil_9", "facil_18", "facil_25", "facil_32", "facil_50", "facil_55"], "cust_49": ["facil_11", "facil_14", "facil_19", "facil_35", "facil_53", "facil_59", "facil_66"], "cust_50": ["facil_20", "facil_60", "facil_70"], "cust_51": ["facil_7", "facil_8", "facil_12", "facil_17", "facil_26", "facil_34", "facil_35", "facil_40", "facil_46", "facil_53", "facil_58", "facil_67", "facil_72", "facil_75"], "cust_52": ["facil_2", "facil_4", "facil_6", "facil_26", "facil_27", "facil_29", "facil_30", "facil_34", "facil_45", "facil_46", "facil_48", "facil_52", "facil_67", "facil_68", "facil_74", "facil_75"], "cust_53": ["facil_1", "facil_2", "facil_22", "facil_28", "facil_33", "facil_41", "facil_42", "facil_43", "facil_62", "facil_63", "facil_73"], "cust_54": ["facil_22", "facil_41", "facil_42", "facil_43", "facil_64"], "cust_55": ["facil_3", "facil_18", "facil_24", "facil_32", "facil_44", "facil_49", "facil_50"], "cust_56": ["facil_4", "facil_6", "facil_7", "facil_8", "facil_12", "facil_17", "facil_26", "facil_34", "facil_40", "facil_45", "facil_46", "facil_51", "facil_52", "facil_67", "facil_68", "facil_75"], "cust_57": ["facil_13", "facil_15", "facil_20", "facil_57"], "cust_58": ["facil_4", "facil_6", "facil_7", "facil_8", "facil_26", "facil_27", "facil_29", "facil_30", "facil_34", "facil_45", "facil_46", "facil_52", "facil_67", "facil_68", "facil_75"], "cust_59": ["facil_4", "facil_5", "facil_13", "facil_15", "facil_27", "facil_29", "facil_30", "facil_34", "facil_37", "facil_45", "facil_47", "facil_48", "facil_52", "facil_57"], "cust_60": ["facil_5", "facil_15", "facil_20", "facil_21", "facil_29", "facil_36", "facil_37", "facil_47", "facil_48", "facil_60", "facil_69", "facil_70", "facil_71"], "cust_61": ["facil_20", "facil_60", "facil_70", "facil_71"], "cust_62": ["facil_3", "facil_16", "facil_17", "facil_23", "facil_24", "facil_32", "facil_33", "facil_40", "facil_44", "facil_49", "facil_51", "facil_63"], "cust_63": ["facil_11", "facil_14", "facil_38", "facil_53", "facil_65", "facil_66"], "cust_64": ["facil_3", "facil_16", "facil_18", "facil_24", "facil_32", "facil_44", "facil_49", "facil_50"], "cust_65": ["facil_21", "facil_36", "facil_47", "facil_61", "facil_69", "facil_71"], "cust_66": ["facil_1", "facil_22", "facil_23", "facil_28", "facil_33", "facil_41", "facil_42", "facil_43", "facil_62", "facil_63", "facil_73"], "cust_67": ["facil_11", "facil_14", "facil_38", "facil_53", "facil_65", "facil_66"], "cust_68": ["facil_2", "facil_21", "facil_22", "facil_28", "facil_30", "facil_47", "facil_48", "facil_61", "facil_62", "facil_73", "facil_74"], "cust_69": ["facil_1", "facil_22", "facil_41", "facil_42", "facil_43", "facil_64"], "cust_70": ["facil_41", "facil_42", "facil_43", "facil_56", "facil_64"], "cust_71": ["facil_18", "facil_25", "facil_50", "facil_55"], "cust_72": ["facil_10", "facil_11", "facil_38", "facil_53", "facil_58", "facil_65", "facil_66", "facil_72"], "cust_73": ["facil_7", "facil_8", "facil_11", "facil_14", "facil_19", "facil_26", "facil_34", "facil_35", "facil_46", "facil_52", "facil_53", "facil_67"], "cust_74": ["facil_3", "facil_9", "facil_18", "facil_24", "facil_25", "facil_32", "facil_39", "facil_40", "facil_44", "facil_50"], "cust_75": ["facil_7", "facil_8", "facil_13", "facil_14", "facil_19", "facil_27", "facil_34", "facil_35", "facil_46", "facil_52", "facil_53", "facil_54", "facil_67"], "cust_76": ["facil_5", "facil_15", "facil_21", "facil_29", "facil_30", "facil_36", "facil_37", "facil_47", "facil_48", "facil_69", "facil_71", "facil_74"], "cust_77": ["facil_2", "facil_4", "facil_6", "facil_12", "facil_17", "facil_26", "facil_30", "facil_33", "facil_34", "facil_40", "facil_51", "facil_67", "facil_68", "facil_75"], "cust_78": ["facil_2", "facil_4", "facil_6", "facil_7", "facil_8", "facil_26", "facil_27", "facil_29", "facil_30", "facil_34", "facil_45", "facil_46", "facil_52", "facil_67", "facil_68", "facil_75"], "cust_79": ["facil_9", "facil_10", "facil_12", "facil_17", "facil_26", "facil_32", "facil_38", "facil_39", "facil_40", "facil_58", "facil_72"], "cust_80": ["facil_18", "facil_24"], "cust_81": ["facil_9", "facil_18", "facil_25", "facil_32", "facil_39", "facil_40", "facil_44", "facil_50", "facil_55", "facil_72"], "cust_82": ["facil_4", "facil_7", "facil_8", "facil_12", "facil_19", "facil_26", "facil_27", "facil_34", "facil_35", "facil_46", "facil_52", "facil_53", "facil_67", "facil_75"], "cust_83": ["facil_13", "facil_15", "facil_27", "facil_52", "facil_54", "facil_57"], "cust_84": ["facil_4", "facil_6", "facil_12", "facil_17", "facil_26", "facil_34", "facil_40", "facil_46", "facil_51", "facil_67", "facil_68", "facil_75"], "cust_85": ["facil_2", "facil_4", "facil_6", "facil_12", "facil_17", "facil_26", "facil_30", "facil_34", "facil_40", "facil_45", "facil_46", "facil_51", "facil_67", "facil_68", "facil_75"], "cust_86": ["facil_7", "facil_8", "facil_14", "facil_19", "facil_26", "facil_34", "facil_35", "facil_46", "facil_52", "facil_53", "facil_67"], "cust_87": ["facil_2", "facil_4", "facil_6", "facil_8", "facil_17", "facil_26", "facil_27", "facil_29", "facil_30", "facil_34", "facil_45", "facil_46", "facil_48", "facil_52", "facil_67", "facil_68", "facil_75"], "cust_88": ["facil_3", "facil_16", "facil_23", "facil_24", "facil_44", "facil_49", "facil_63"], "cust_89": ["facil_2", "facil_4", "facil_6", "facil_21", "facil_28", "facil_30", "facil_33", "facil_45", "facil_48", "facil_62", "facil_68", "facil_73", "facil_74", "facil_75"], "cust_90": ["facil_2", "facil_4", "facil_5", "facil_21", "facil_28", "facil_29", "facil_30", "facil_36", "facil_45", "facil_47", "facil_48", "facil_68", "facil_74"], "cust_91": ["facil_8", "facil_13", "facil_19", "facil_27", "facil_34", "facil_35", "facil_46", "facil_52", "facil_54"], "cust_92": ["facil_4", "facil_7", "facil_8", "facil_17", "facil_26", "facil_27", "facil_34", "facil_35", "facil_45", "facil_46", "facil_52", "facil_67", "facil_68", "facil_75"], "cust_93": ["facil_3", "facil_18", "facil_24", "facil_25", "facil_32", "facil_44", "facil_50"], "cust_94": ["facil_4", "facil_6", "facil_7", "facil_12", "facil_17", "facil_26", "facil_34", "facil_40", "facil_46", "facil_51", "facil_58", "facil_67", "facil_68", "facil_72", "facil_75"], "cust_95": ["facil_14", "facil_19", "facil_53", "facil_59"], "cust_96": ["facil_7", "facil_9", "facil_10", "facil_12", "facil_17", "facil_26", "facil_39", "facil_40", "facil_58", "facil_67", "facil_72"], "cust_97": ["facil_15", "facil_20", "facil_37", "facil_57", "facil_70"], "cust_98": ["facil_1", "facil_23", "facil_41", "facil_42", "facil_43", "facil_56", "facil_63", "facil_73"], "cust_99": ["facil_4", "facil_6", "facil_12", "facil_17", "facil_26", "facil_34", "facil_40", "facil_51", "facil_67", "facil_68", "facil_75"], "cust_100": ["facil_3", "facil_9", "facil_12", "facil_25", "facil_32", "facil_39", "facil_40", "facil_44", "facil_50", "facil_72"], "cust_101": ["facil_2", "facil_3", "facil_4", "facil_6", "facil_16", "facil_17", "facil_30", "facil_33", "facil_51", "facil_62", "facil_63", "facil_68", "facil_73", "facil_75"], "cust_102": ["facil_1", "facil_2", "facil_6", "facil_16", "facil_22", "facil_23", "facil_33", "facil_41", "facil_42", "facil_43", "facil_62", "facil_63", "facil_73"], "cust_103": ["facil_10", "facil_11", "facil_14", "facil_38", "facil_53", "facil_65", "facil_66"], "cust_104": ["facil_10", "facil_31", "facil_39", "facil_72"], "cust_105": ["facil_23", "facil_41", "facil_43", "facil_56"], "cust_106": ["facil_3", "facil_9", "facil_18", "facil_25", "facil_32", "facil_44", "facil_50", "facil_55"], "cust_107": ["facil_7", "facil_8", "facil_14", "facil_19", "facil_34", "facil_35", "facil_46", "facil_52", "facil_53", "facil_54"], "cust_108": ["facil_5", "facil_13", "facil_15", "facil_20", "facil_27", "facil_37", "facil_57"], "cust_109": ["facil_7", "facil_8", "facil_11", "facil_14", "facil_19", "facil_34", "facil_35", "facil_38", "facil_46", "facil_53"], "cust_110": ["facil_2", "facil_4", "facil_5", "facil_21", "facil_27", "facil_28", "facil_29", "facil_30", "facil_45", "facil_47", "facil_48", "facil_68", "facil_74", "facil_75"], "cust_111": ["facil_7", "facil_10", "facil_12", "facil_17", "facil_26", "facil_38", "facil_39", "facil_40", "facil_58", "facil_67", "facil_72"], "cust_112": ["facil_4", "facil_6", "facil_7", "facil_8", "facil_12", "facil_17", "facil_26", "facil_27", "facil_30", "facil_34", "facil_45", "facil_46", "facil_51", "facil_52", "facil_67", "facil_68", "facil_75"], "cust_113": ["facil_36", "facil_60", "facil_69", "facil_70", "facil_71"], "cust_114": ["facil_4", "facil_7", "facil_8", "facil_13", "facil_19", "facil_26", "facil_27", "facil_29", "facil_34", "facil_35", "facil_45", "facil_46", "facil_52", "facil_54", "facil_67", "facil_75"], "cust_115": ["facil_3", "facil_6", "facil_12", "facil_16", "facil_17", "facil_32", "facil_33", "facil_40", "facil_44", "facil_49", "facil_51", "facil_63"], "cust_116": ["facil_4", "facil_5", "facil_8", "facil_13", "facil_27", "facil_29", "facil_30", "facil_34", "facil_45", "facil_46", "facil_48", "facil_52", "facil_67", "facil_68", "facil_75"], "cust_117": ["facil_2", "facil_4", "facil_6", "facil_21", "facil_28", "facil_29", "facil_30", "facil_45", "facil_47", "facil_48", "facil_62", "facil_68", "facil_73", "facil_74", "facil_75"], "cust_118": ["facil_18", "facil_24", "facil_49"], "cust_119": ["facil_18", "facil_24", "facil_49", "facil_50"], "cust_120": ["facil_16", "facil_23", "facil_24", "facil_49", "facil_56", "facil_63"], "cust_121": ["facil_4", "facil_7", "facil_8", "facil_19", "facil_26", "facil_27", "facil_34", "facil_35", "facil_46", "facil_52", "facil_53", "facil_67", "facil_75"], "cust_122": ["facil_36", "facil_37", "facil_60", "facil_69", "facil_70", "facil_71"], "cust_123": ["facil_9", "facil_10", "facil_12", "facil_17", "facil_26", "facil_32", "facil_39", "facil_40", "facil_44", "facil_51", "facil_58", "facil_72"], "cust_124": ["facil_2", "facil_21", "facil_22", "facil_28", "facil_30", "facil_47", "facil_48", "facil_61", "facil_62", "facil_73", "facil_74"], "cust_125": ["facil_7", "facil_10", "facil_11", "facil_12", "facil_26", "facil_35", "facil_38", "facil_53", "facil_58", "facil_65", "facil_72"], "cust_126": ["facil_1", "facil_23", "facil_41", "facil_42", "facil_43", "facil_56", "facil_63", "facil_64"], "cust_127": ["facil_2", "facil_4", "facil_5", "facil_15", "facil_21", "facil_27", "facil_29", "facil_30", "facil_34", "facil_45", "facil_47", "facil_48", "facil_52", "facil_68", "facil_74", "facil_75"], "cust_128": ["facil_1", "facil_23", "facil_41", "facil_42", "facil_43", "facil_56", "facil_63"], "cust_129": ["facil_1", "facil_22", "facil_23", "facil_28", "facil_33", "facil_41", "facil_42", "facil_43", "facil_62", "facil_63", "facil_64", "facil_73"], "cust_130": ["facil_2", "facil_4", "facil_5", "facil_8", "facil_13", "facil_27", "facil_29", "facil_30", "facil_34", "facil_45", "facil_46", "facil_48", "facil_52", "facil_67", "facil_68", "facil_75"], "cust_131": ["facil_1", "facil_22", "facil_41", "facil_42", "facil_43", "facil_62", "facil_64"], "cust_132": ["facil_7", "facil_10", "facil_12", "facil_17", "facil_26", "facil_35", "facil_38", "facil_39", "facil_40", "facil_53", "facil_58", "facil_67", "facil_72"], "cust_133": ["facil_10", "facil_11", "facil_38", "facil_58", "facil_65", "facil_66", "facil_72"], "cust_134": ["facil_10", "facil_11", "facil_38", "facil_65", "facil_66"], "cust_135": ["facil_9", "facil_10", "facil_31", "facil_38", "facil_39", "facil_58", "facil_65", "facil_72"], "cust_136": ["facil_1", "facil_22", "facil_28", "facil_33", "facil_41", "facil_42", "facil_43", "facil_62", "facil_63", "facil_64", "facil_73"], "cust_137": ["facil_5", "facil_21", "facil_28", "facil_29", "facil_30", "facil_36", "facil_37", "facil_45", "facil_47", "facil_48", "facil_69", "facil_74"], "cust_138": ["facil_14", "facil_59"], "cust_139": ["facil_3", "facil_9", "facil_18", "facil_24", "facil_25", "facil_32", "facil_39", "facil_40", "facil_44", "facil_50"], "cust_140": ["facil_5", "facil_20", "facil_21", "facil_36", "facil_37", "facil_47", "facil_48", "facil_60", "facil_69", "facil_70", "facil_71"], "cust_141": ["facil_4", "facil_5", "facil_15", "facil_21", "facil_27", "facil_29", "facil_30", "facil_36", "facil_37", "facil_45", "facil_47", "facil_48", "facil_57", "facil_74"], "cust_142": ["facil_5", "facil_15", "facil_20", "facil_29", "facil_36", "facil_37", "facil_47", "facil_48", "facil_57", "facil_60", "facil_69", "facil_70", "facil_71"], "cust_143": ["facil_1", "facil_2", "facil_21", "facil_22", "facil_28", "facil_33", "facil_43", "facil_61", "facil_62", "facil_73", "facil_74"], "cust_144": ["facil_9", "facil_10", "facil_12", "facil_31", "facil_38", "facil_39", "facil_40", "facil_58", "facil_72"], "cust_145": ["facil_31"], "cust_146": ["facil_9", "facil_10", "facil_31", "facil_39", "facil_58", "facil_72"], "cust_147": ["facil_3", "facil_9", "facil_18", "facil_25", "facil_32", "facil_39", "facil_40", "facil_44", "facil_50"], "cust_148": ["facil_4", "facil_7", "facil_8", "facil_13", "facil_19", "facil_26", "facil_27", "facil_34", "facil_35", "facil_45", "facil_46", "facil_52", "facil_67", "facil_75"], "cust_149": ["facil_7", "facil_9", "facil_10", "facil_12", "facil_26", "facil_38", "facil_39", "facil_40", "facil_58", "facil_65", "facil_72"], "cust_150": ["facil_2", "facil_4", "facil_6", "facil_28", "facil_29", "facil_30", "facil_33", "facil_45", "facil_48", "facil_62", "facil_68", "facil_73", "facil_74", "facil_75"], "cust_151": ["facil_7", "facil_8", "facil_13", "facil_19", "facil_27", "facil_34", "facil_35", "facil_46", "facil_52", "facil_54", "facil_67"], "cust_152": ["facil_4", "facil_6", "facil_7", "facil_8", "facil_12", "facil_17", "facil_26", "facil_34", "facil_40", "facil_46", "facil_51", "facil_52", "facil_67", "facil_68", "facil_75"], "cust_153": ["facil_1", "facil_2", "facil_6", "facil_16", "facil_22", "facil_23", "facil_28", "facil_33", "facil_41", "facil_42", "facil_43", "facil_62", "facil_63", "facil_73"], "cust_154": ["facil_18", "facil_25", "facil_50", "facil_55"], "cust_155": ["facil_5", "facil_15", "facil_20", "facil_29", "facil_36", "facil_37", "facil_47", "facil_57", "facil_60", "facil_70", "facil_71"], "cust_156": ["facil_7", "facil_10", "facil_11", "facil_14", "facil_35", "facil_38", "facil_53", "facil_58", "facil_65", "facil_66", "facil_72"], "cust_157": ["facil_2", "facil_4", "facil_6", "facil_12", "facil_17", "facil_26", "facil_30", "facil_33", "facil_34", "facil_40", "facil_46", "facil_51", "facil_67", "facil_68", "facil_75"], "cust_158": ["facil_2", "facil_5", "facil_21", "facil_28", "facil_29", "facil_30", "facil_36", "facil_45", "facil_47", "facil_48", "facil_61", "facil_62", "facil_69", "facil_74"], "cust_159": ["facil_20", "facil_36", "facil_37", "facil_60", "facil_70", "facil_71"], "cust_160": ["facil_10", "facil_11", "facil_14", "facil_38", "facil_53", "facil_58", "facil_65", "facil_66"], "cust_161": ["facil_1", "facil_22", "facil_41", "facil_42", "facil_43", "facil_64"], "cust_162": ["facil_2", "facil_5", "facil_21", "facil_28", "facil_29", "facil_30", "facil_36", "facil_47", "facil_48", "facil_61", "facil_62", "facil_69", "facil_74"], "cust_163": ["facil_2", "facil_4", "facil_5", "facil_6", "facil_21", "facil_27", "facil_28", "facil_29", "facil_30", "facil_45", "facil_47", "facil_48", "facil_62", "facil_68", "facil_74", "facil_75"], "cust_164": ["facil_3", "facil_16", "facil_18", "facil_24", "facil_32", "facil_44", "facil_49", "facil_50"], "cust_165": ["facil_7", "facil_9", "facil_12", "facil_17", "facil_26", "facil_39", "facil_40", "facil_51", "facil_58", "facil_67", "facil_72", "facil_75"], "cust_166": ["facil_5", "facil_20", "facil_36", "facil_37", "facil_47", "facil_60", "facil_69", "facil_70", "facil_71"], "cust_167": ["facil_18", "facil_24", "facil_49"], "cust_168": ["facil_9", "facil_10", "facil_31", "facil_38", "facil_39", "facil_58", "facil_65", "facil_72"], "cust_169": ["facil_4", "facil_6", "facil_7", "facil_8", "facil_12", "facil_17", "facil_26", "facil_27", "facil_34", "facil_35", "facil_45", "facil_46", "facil_52", "facil_67", "facil_68", "facil_75"], "cust_170": ["facil_9", "facil_10", "facil_12", "facil_25", "facil_32", "facil_39", "facil_40", "facil_44", "facil_50", "facil_58", "facil_72"], "cust_171": ["facil_1", "facil_22", "facil_41", "facil_42", "facil_43", "facil_62", "facil_64", "facil_73"], "cust_172": ["facil_4", "facil_5", "facil_8", "facil_13", "facil_15", "facil_27", "facil_29", "facil_34", "facil_45", "facil_46", "facil_48", "facil_52", "facil_54", "facil_57"], "cust_173": ["facil_7", "facil_10", "facil_12", "facil_26", "facil_38", "facil_39", "facil_40", "facil_53", "facil_58", "facil_72"], "cust_174": ["facil_23", "facil_56"], "cust_175": ["facil_9", "facil_10", "facil_12", "facil_32", "facil_39", "facil_40", "facil_58", "facil_72"], "cust_176": ["facil_3", "facil_9", "facil_12", "facil_17", "facil_26", "facil_32", "facil_39", "facil_40", "facil_44", "facil_51", "facil_58", "facil_67", "facil_72", "facil_75"], "cust_177": ["facil_2", "facil_3", "facil_4", "facil_6", "facil_12", "facil_16", "facil_17", "facil_26", "facil_33", "facil_40", "facil_44", "facil_51", "facil_63", "facil_67", "facil_68", "facil_73", "facil_75"], "cust_178": ["facil_5", "facil_20", "facil_21", "facil_36", "facil_37", "facil_47", "facil_48", "facil_60", "facil_69", "facil_70", "facil_71"], "cust_179": ["facil_5", "facil_13", "facil_15", "facil_20", "facil_27", "facil_29", "facil_36", "facil_37", "facil_45", "facil_47", "facil_48", "facil_57"], "cust_180": ["facil_3", "facil_9", "facil_12", "facil_16", "facil_17", "facil_32", "facil_40", "facil_44", "facil_49", "facil_50", "facil_51"], "cust_181": ["facil_2", "facil_5", "facil_21", "facil_28", "facil_29", "facil_30", "facil_36", "facil_47", "facil_48", "facil_61", "facil_69", "facil_74"], "cust_182": ["facil_2", "facil_4", "facil_6", "facil_7", "facil_8", "facil_17", "facil_26", "facil_27", "facil_29", "facil_30", "facil_34", "facil_45", "facil_46", "facil_52", "facil_67", "facil_68", "facil_75"], "cust_183": ["facil_7", "facil_8", "facil_13", "facil_14", "facil_19", "facil_26", "facil_27", "facil_34", "facil_35", "facil_46", "facil_52", "facil_53", "facil_54", "facil_67"], "cust_184": ["facil_3", "facil_16", "facil_23", "facil_24", "facil_32", "facil_44", "facil_49", "facil_50", "facil_51", "facil_63"], "cust_185": ["facil_4", "facil_7", "facil_8", "facil_13", "facil_14", "facil_19", "facil_27", "facil_34", "facil_35", "facil_45", "facil_46", "facil_52", "facil_53", "facil_54", "facil_67"], "cust_186": ["facil_4", "facil_5", "facil_13", "facil_15", "facil_27", "facil_29", "facil_34", "facil_45", "facil_46", "facil_48", "facil_52", "facil_54", "facil_57"], "cust_187": ["facil_2", "facil_4", "facil_6", "facil_17", "facil_26", "facil_27", "facil_29", "facil_30", "facil_34", "facil_45", "facil_46", "facil_48", "facil_52", "facil_67", "facil_68", "facil_74", "facil_75"], "cust_188": ["facil_2", "facil_4", "facil_6", "facil_17", "facil_29", "facil_30", "facil_33", "facil_45", "facil_48", "facil_51", "facil_62", "facil_67", "facil_68", "facil_73", "facil_74", "facil_75"], "cust_189": ["facil_4", "facil_8", "facil_13", "facil_15", "facil_27", "facil_29", "facil_30", "facil_34", "facil_45", "facil_46", "facil_52", "facil_54", "facil_57", "facil_67", "facil_75"], "cust_190": ["facil_4", "facil_5", "facil_8", "facil_13", "facil_15", "facil_27", "facil_29", "facil_34", "facil_45", "facil_46", "facil_52", "facil_54", "facil_57"], "cust_191": ["facil_7", "facil_10", "facil_12", "facil_26", "facil_38", "facil_39", "facil_40", "facil_53", "facil_58", "facil_65", "facil_72"], "cust_192": ["facil_3", "facil_18", "facil_24", "facil_32", "facil_44", "facil_49", "facil_50"], "cust_193": ["facil_2", "facil_4", "facil_5", "facil_21", "facil_27", "facil_28", "facil_29", "facil_30", "facil_45", "facil_47", "facil_48", "facil_68", "facil_74", "facil_75"], "cust_194": ["facil_3", "facil_9", "facil_12", "facil_17", "facil_26", "facil_32", "facil_39", "facil_40", "facil_44", "facil_50", "facil_51", "facil_58", "facil_72"], "cust_195": ["facil_3", "facil_6", "facil_12", "facil_16", "facil_17", "facil_26", "facil_32", "facil_33", "facil_40", "facil_44", "facil_51", "facil_67", "facil_68", "facil_75"], "cust_196": ["facil_4", "facil_7", "facil_8", "facil_13", "facil_19", "facil_27", "facil_34", "facil_35", "facil_45", "facil_46", "facil_52", "facil_53", "facil_54", "facil_67"], "cust_197": ["facil_1", "facil_22", "facil_41", "facil_42", "facil_43", "facil_64"], "cust_198": ["facil_3", "facil_9", "facil_10", "facil_12", "facil_17", "facil_25", "facil_32", "facil_39", "facil_40", "facil_44", "facil_50", "facil_58", "facil_72"], "cust_199": ["facil_11", "facil_14", "facil_38", "facil_53", "facil_59", "facil_65", "facil_66"], "cust_200": ["facil_7", "facil_12", "facil_17", "facil_26", "facil_34", "facil_39", "facil_40", "facil_46", "facil_58", "facil_67", "facil_72", "facil_75"], "cust_201": ["facil_2", "facil_4", "facil_6", "facil_12", "facil_17", "facil_26", "facil_30", "facil_33", "facil_34", "facil_40", "facil_51", "facil_67", "facil_68", "facil_75"], "cust_202": ["facil_2", "facil_3", "facil_4", "facil_6", "facil_12", "facil_16", "facil_17", "facil_26", "facil_33", "facil_40", "facil_51", "facil_67", "facil_68", "facil_75"], "cust_203": ["facil_31"], "cust_204": ["facil_13", "facil_14", "facil_19", "facil_54"], "cust_205": ["facil_3", "facil_6", "facil_16", "facil_17", "facil_23", "facil_24", "facil_32", "facil_33", "facil_40", "facil_44", "facil_49", "facil_51", "facil_63"], "cust_206": ["facil_5", "facil_20", "facil_21", "facil_36", "facil_37", "facil_47", "facil_60", "facil_69", "facil_70", "facil_71"], "cust_207": ["facil_1", "facil_2", "facil_6", "facil_16", "facil_22", "facil_23", "facil_28", "facil_33", "facil_41", "facil_42", "facil_43", "facil_62", "facil_63", "facil_73"], "cust_208": ["facil_3", "facil_9", "facil_18", "facil_24", "facil_25", "facil_32", "facil_44", "facil_50", "facil_55"], "cust_209": ["facil_4", "facil_7", "facil_8", "facil_12", "facil_19", "facil_26", "facil_34", "facil_35", "facil_46", "facil_52", "facil_53", "facil_67", "facil_75"], "cust_210": ["facil_3", "facil_9", "facil_10", "facil_12", "facil_17", "facil_26", "facil_32", "facil_39", "facil_40", "facil_44", "facil_58", "facil_72"], "cust_211": ["facil_1", "facil_2", "facil_4", "facil_6", "facil_21", "facil_28", "facil_30", "facil_33", "facil_45", "facil_48", "facil_62", "facil_68", "facil_73", "facil_74", "facil_75"], "cust_212": ["facil_5", "facil_21", "facil_28", "facil_36", "facil_37", "facil_47", "facil_48", "facil_61", "facil_69", "facil_71", "facil_74"], "cust_213": ["facil_1", "facil_22", "facil_23", "facil_41", "facil_42", "facil_43", "facil_56", "facil_63", "facil_73"], "cust_214": ["facil_65", "facil_66"], "cust_215": ["facil_13", "facil_15", "facil_20", "facil_37", "facil_57"], "cust_216": ["facil_4", "facil_7", "facil_8", "facil_13", "facil_19", "facil_27", "facil_34", "facil_35", "facil_45", "facil_46", "facil_52", "facil_54", "facil_67"], "cust_217": ["facil_3", "facil_6", "facil_12", "facil_16", "facil_17", "facil_26", "facil_32", "facil_33", "facil_40", "facil_44", "facil_51", "facil_63", "facil_68", "facil_75"], "cust_218": ["facil_2", "facil_4", "facil_6", "facil_21", "facil_28", "facil_29", "facil_30", "facil_33", "facil_45", "facil_47", "facil_48", "facil_62", "facil_68", "facil_73", "facil_74", "facil_75"], "cust_219": ["facil_3", "facil_6", "facil_12", "facil_16", "facil_17", "facil_32", "facil_33", "facil_40", "facil_44", "facil_49", "facil_51", "facil_63"], "cust_220": ["facil_3", "facil_9", "facil_12", "facil_17", "facil_25", "facil_32", "facil_39", "facil_40", "facil_44", "facil_50", "facil_58", "facil_72"], "cust_221": ["facil_7", "facil_8", "facil_14", "facil_19", "facil_34", "facil_35", "facil_46", "facil_52", "facil_53", "facil_54", "facil_67"], "cust_222": ["facil_4", "facil_6", "facil_7", "facil_12", "facil_17", "facil_26", "facil_34", "facil_40", "facil_46", "facil_51", "facil_67", "facil_68", "facil_75"], "cust_223": ["facil_4", "facil_7", "facil_8", "facil_12", "facil_17", "facil_26", "facil_27", "facil_34", "facil_35", "facil_45", "facil_46", "facil_52", "facil_67", "facil_68", "facil_75"], "cust_224": ["facil_9", "facil_10", "facil_31", "facil_38", "facil_39", "facil_58", "facil_65", "facil_72"], "cust_225": ["facil_4", "facil_6", "facil_7", "facil_12", "facil_17", "facil_26", "facil_34", "facil_40", "facil_46", "facil_51", "facil_67", "facil_68", "facil_75"], "cust_226": ["facil_4", "facil_7", "facil_8", "facil_17", "facil_26", "facil_27", "facil_34", "facil_35", "facil_45", "facil_46", "facil_52", "facil_67", "facil_68", "facil_75"], "cust_227": ["facil_3", "facil_6", "facil_16", "facil_17", "facil_23", "facil_24", "facil_32", "facil_33", "facil_40", "facil_44", "facil_49", "facil_51", "facil_63"], "cust_228": ["facil_2", "facil_4", "facil_6", "facil_12", "facil_17", "facil_26", "facil_30", "facil_34", "facil_40", "facil_45", "facil_46", "facil_51", "facil_67", "facil_68", "facil_75"], "cust_229": ["facil_3", "facil_16", "facil_18", "facil_24", "facil_32", "facil_44", "facil_49", "facil_50", "facil_51", "facil_63"], "cust_230": ["facil_20", "facil_37", "facil_60", "facil_70", "facil_71"], "cust_231": ["facil_7", "facil_8", "facil_10", "facil_11", "facil_12", "facil_26", "facil_35", "facil_38", "facil_46", "facil_53", "facil_58", "facil_67", "facil_72"], "cust_232": ["facil_5", "facil_15", "facil_20", "facil_21", "facil_29", "facil_30", "facil_36", "facil_37", "facil_45", "facil_47", "facil_48", "facil_57", "facil_70", "facil_71"], "cust_233": ["facil_4", "facil_7", "facil_8", "facil_13", "facil_14", "facil_19", "facil_26", "facil_27", "facil_34", "facil_35", "facil_46", "facil_52", "facil_53", "facil_54", "facil_67"], "cust_234": ["facil_3", "facil_9", "facil_18", "facil_25", "facil_32", "facil_39", "facil_44", "facil_50", "facil_55"], "cust_235": ["facil_2", "facil_3", "facil_4", "facil_6", "facil_12", "facil_16", "facil_17", "facil_26", "facil_33", "facil_40", "facil_44", "facil_51", "facil_63", "facil_67", "facil_68", "facil_75"], "cust_236": ["facil_7", "facil_8", "facil_11", "facil_14", "facil_19", "facil_35", "facil_38", "facil_46", "facil_53", "facil_58"], "cust_237": ["facil_1", "facil_22", "facil_23", "facil_28", "facil_33", "facil_41", "facil_42", "facil_43", "facil_62", "facil_63", "facil_73"], "cust_238": ["facil_1", "facil_2", "facil_21", "facil_22", "facil_28", "facil_30", "facil_61", "facil_62", "facil_73", "facil_74"], "cust_239": ["facil_4", "facil_5", "facil_13", "facil_15", "facil_27", "facil_29", "facil_30", "facil_37", "facil_45", "facil_47", "facil_48", "facil_52", "facil_57"], "cust_240": ["facil_7", "facil_8", "facil_14", "facil_19", "facil_26", "facil_27", "facil_34", "facil_35", "facil_46", "facil_52", "facil_53", "facil_67"], "cust_241": ["facil_4", "facil_7", "facil_8", "facil_13", "facil_19", "facil_26", "facil_27", "facil_34", "facil_35", "facil_45", "facil_46", "facil_52", "facil_53", "facil_54", "facil_67", "facil_75"], "cust_242": ["facil_2", "facil_4", "facil_6", "facil_12", "facil_17", "facil_26", "facil_33", "facil_34", "facil_40", "facil_51", "facil_67", "facil_68", "facil_75"], "cust_243": ["facil_5", "facil_15", "facil_20", "facil_21", "facil_29", "facil_36", "facil_37", "facil_47", "facil_48", "facil_57", "facil_60", "facil_69", "facil_70", "facil_71"], "cust_244": ["facil_2", "facil_4", "facil_6", "facil_27", "facil_29", "facil_30", "facil_34", "facil_45", "facil_46", "facil_48", "facil_51", "facil_52", "facil_67", "facil_68", "facil_74", "facil_75"], "cust_245": ["facil_21", "facil_36", "facil_47", "facil_48", "facil_61", "facil_69", "facil_71", "facil_74"], "cust_246": ["facil_3", "facil_18", "facil_24", "facil_32", "facil_44", "facil_49", "facil_50"], "cust_247": ["facil_3", "facil_9", "facil_12", "facil_17", "facil_26", "facil_32", "facil_39", "facil_40", "facil_44", "facil_51", "facil_58", "facil_72"], "cust_248": ["facil_3", "facil_16", "facil_24", "facil_32", "facil_40", "facil_44", "facil_49", "facil_50", "facil_51", "facil_63"], "cust_249": ["facil_1", "facil_22", "facil_28", "facil_41", "facil_42", "facil_43", "facil_62", "facil_64", "facil_73"], "cust_250": ["facil_7", "facil_10", "facil_11", "facil_14", "facil_35", "facil_38", "facil_53", "facil_58", "facil_65", "facil_66", "facil_72"], "cust_251": ["facil_5", "facil_20", "facil_36", "facil_37", "facil_47", "facil_60", "facil_69", "facil_70", "facil_71"], "cust_252": ["facil_2", "facil_4", "facil_5", "facil_6", "facil_27", "facil_29", "facil_30", "facil_34", "facil_45", "facil_47", "facil_48", "facil_52", "facil_67", "facil_68", "facil_74", "facil_75"], "cust_253": ["facil_3", "facil_9", "facil_18", "facil_25", "facil_32", "facil_39", "facil_40", "facil_44", "facil_50"], "cust_254": ["facil_1", "facil_3", "facil_6", "facil_16", "facil_17", "facil_23", "facil_33", "facil_44", "facil_49", "facil_51", "facil_63", "facil_73"], "cust_255": ["facil_1", "facil_22", "facil_23", "facil_28", "facil_33", "facil_41", "facil_42", "facil_43", "facil_62", "facil_63", "facil_73"], "cust_256": ["facil_10", "facil_31"], "cust_257": ["facil_10", "facil_11", "facil_38", "facil_58", "facil_65", "facil_66"], "cust_258": ["facil_2", "facil_4", "facil_6", "facil_16", "facil_17", "facil_30", "facil_33", "facil_51", "facil_62", "facil_63", "facil_67", "facil_68", "facil_73", "facil_74", "facil_75"], "cust_259": ["facil_3", "facil_6", "facil_9", "facil_12", "facil_16", "facil_17", "facil_26", "facil_32", "facil_39", "facil_40", "facil_44", "facil_51"], "cust_260": ["facil_3", "facil_16", "facil_18", "facil_24", "facil_44", "facil_49", "facil_50"], "cust_261": ["facil_2", "facil_4", "facil_6", "facil_17", "facil_26", "facil_30", "facil_33", "facil_34", "facil_45", "facil_46", "facil_51", "facil_67", "facil_68", "facil_74", "facil_75"], "cust_262": ["facil_2", "facil_4", "facil_6", "facil_12", "facil_17", "facil_26", "facil_30", "facil_33", "facil_34", "facil_40", "facil_45", "facil_46", "facil_51", "facil_67", "facil_68", "facil_75"], "cust_263": ["facil_1", "facil_2", "facil_6", "facil_16", "facil_23", "facil_33", "facil_41", "facil_43", "facil_49", "facil_51", "facil_62", "facil_63", "facil_73"], "cust_264": ["facil_3", "facil_9", "facil_12", "facil_17", "facil_26", "facil_32", "facil_39", "facil_40", "facil_44", "facil_50", "facil_51", "facil_58", "facil_72"], "cust_265": ["facil_13", "facil_15", "facil_54", "facil_57"], "cust_266": ["facil_7", "facil_8", "facil_13", "facil_19", "facil_27", "facil_34", "facil_35", "facil_46", "facil_52", "facil_54", "facil_67"], "cust_267": ["facil_23", "facil_24", "facil_49", "facil_56"], "cust_268": ["facil_1", "facil_2", "facil_3", "facil_6", "facil_16", "facil_23", "facil_33", "facil_43", "facil_49", "facil_51", "facil_62", "facil_63", "facil_73"], "cust_269": ["facil_22", "facil_41", "facil_42", "facil_43", "facil_64"], "cust_270": ["facil_2", "facil_21", "facil_22", "facil_28", "facil_30", "facil_33", "facil_47", "facil_48", "facil_61", "facil_62", "facil_68", "facil_73", "facil_74"], "cust_271": ["facil_3", "facil_6", "facil_16", "facil_17", "facil_23", "facil_24", "facil_32", "facil_33", "facil_44", "facil_49", "facil_51", "facil_63"], "cust_272": ["facil_4", "facil_6", "facil_7", "facil_8", "facil_17", "facil_26", "facil_27", "facil_30", "facil_34", "facil_35", "facil_45", "facil_46", "facil_52", "facil_67", "facil_68", "facil_75"], "cust_273": ["facil_13", "facil_15", "facil_27", "facil_54", "facil_57"], "cust_274": ["facil_9", "facil_10", "facil_25", "facil_31", "facil_32", "facil_39", "facil_40", "facil_50", "facil_58", "facil_72"], "cust_275": ["facil_3", "facil_9", "facil_18", "facil_24", "facil_25", "facil_32", "facil_44", "facil_50"], "cust_276": ["facil_7", "facil_10", "facil_11", "facil_12", "facil_38", "facil_39", "facil_53", "facil_58", "facil_65", "facil_72"], "cust_277": ["facil_1", "facil_2", "facil_6", "facil_16", "facil_33", "facil_51", "facil_62", "facil_63", "facil_68", "facil_73", "facil_75"], "cust_278": ["facil_7", "facil_8", "facil_13", "facil_14", "facil_19", "facil_26", "facil_27", "facil_34", "facil_35", "facil_46", "facil_52", "facil_53", "facil_54", "facil_67"], "cust_279": ["facil_23", "facil_24", "facil_49", "facil_56"], "cust_280": ["facil_5", "facil_15", "facil_21", "facil_28", "facil_29", "facil_30", "facil_36", "facil_37", "facil_45", "facil_47", "facil_48", "facil_69", "facil_74"], "cust_281": ["facil_22", "facil_28", "facil_61", "facil_64"], "cust_282": ["facil_3", "facil_6", "facil_9", "facil_12", "facil_17", "facil_26", "facil_32", "facil_39", "facil_40", "facil_44", "facil_51", "facil_67", "facil_68", "facil_72", "facil_75"], "cust_283": ["facil_5", "facil_15", "facil_20", "facil_21", "facil_29", "facil_30", "facil_36", "facil_37", "facil_45", "facil_47", "facil_48", "facil_69", "facil_70", "facil_71", "facil_74"], "cust_284": ["facil_4", "facil_5", "facil_13", "facil_15", "facil_27", "facil_29", "facil_30", "facil_34", "facil_45", "facil_46", "facil_47", "facil_48", "facil_52", "facil_57"], "cust_285": ["facil_5", "facil_20", "facil_21", "facil_36", "facil_37", "facil_47", "facil_48", "facil_60", "facil_69", "facil_70", "facil_71"], "cust_286": ["facil_3", "facil_9", "facil_18", "facil_25", "facil_32", "facil_39", "facil_40", "facil_44", "facil_50"], "cust_287": ["facil_7", "facil_8", "facil_13", "facil_19", "facil_27", "facil_34", "facil_35", "facil_46", "facil_52", "facil_54", "facil_67"], "cust_288": ["facil_9", "facil_18", "facil_25", "facil_32", "facil_39", "facil_50", "facil_55", "facil_72"], "cust_289": ["facil_13", "facil_15", "facil_27", "facil_54", "facil_57"], "cust_290": ["facil_25", "facil_55"], "cust_291": ["facil_1", "facil_16", "facil_22", "facil_23", "facil_33", "facil_41", "facil_42", "facil_43", "facil_56", "facil_62", "facil_63", "facil_73"], "cust_292": ["facil_4", "facil_8", "facil_13", "facil_15", "facil_19", "facil_27", "facil_29", "facil_34", "facil_35", "facil_45", "facil_46", "facil_52", "facil_54", "facil_57", "facil_67"], "cust_293": ["facil_10", "facil_11", "facil_31", "facil_38", "facil_58", "facil_65", "facil_66", "facil_72"], "cust_294": ["facil_14", "facil_19", "facil_53", "facil_59"], "cust_295": ["facil_1", "facil_22", "facil_28", "facil_41", "facil_42", "facil_43", "facil_62", "facil_64", "facil_73"], "cust_296": ["facil_8", "facil_14", "facil_19", "facil_35", "facil_53", "facil_54", "facil_59"], "cust_297": ["facil_4", "facil_5", "facil_8", "facil_13", "facil_15", "facil_27", "facil_29", "facil_30", "facil_34", "facil_45", "facil_46", "facil_48", "facil_52", "facil_57", "facil_67", "facil_75"], "cust_298": ["facil_5", "facil_13", "facil_15", "facil_20", "facil_27", "facil_29", "facil_37", "facil_45", "facil_52", "facil_54", "facil_57"], "cust_299": ["facil_1", "facil_2", "facil_21", "facil_22", "facil_28", "facil_30", "facil_33", "facil_61", "facil_62", "facil_73", "facil_74"], "cust_300": ["facil_5", "facil_20", "facil_36", "facil_37", "facil_47", "facil_60", "facil_69", "facil_70", "facil_71"], "cust_301": ["facil_5", "facil_20", "facil_36", "facil_37", "facil_47", "facil_60", "facil_69", "facil_70", "facil_71"], "cust_302": ["facil_65", "facil_66"], "cust_303": ["facil_31"], "cust_304": ["facil_23", "facil_56"], "cust_305": ["facil_2", "facil_21", "facil_22", "facil_28", "facil_30", "facil_47", "facil_48", "facil_61", "facil_62", "facil_73", "facil_74"], "cust_306": ["facil_4", "facil_6", "facil_7", "facil_8", "facil_12", "facil_17", "facil_26", "facil_27", "facil_34", "facil_45", "facil_46", "facil_51", "facil_52", "facil_67", "facil_68", "facil_75"], "cust_307": ["facil_4", "facil_5", "facil_13", "facil_15", "facil_27", "facil_29", "facil_30", "facil_37", "facil_45", "facil_47", "facil_48", "facil_52", "facil_57"], "cust_308": ["facil_1", "facil_2", "facil_6", "facil_16", "facil_22", "facil_28", "facil_33", "facil_41", "facil_42", "facil_43", "facil_62", "facil_63", "facil_73", "facil_74"], "cust_309": ["facil_3", "facil_9", "facil_12", "facil_17", "facil_18", "facil_25", "facil_32", "facil_39", "facil_40", "facil_44", "facil_50", "facil_51"], "cust_310": ["facil_2", "facil_4", "facil_6", "facil_17", "facil_26", "facil_29", "facil_30", "facil_33", "facil_34", "facil_45", "facil_51", "facil_67", "facil_68", "facil_74", "facil_75"], "cust_311": ["facil_4", "facil_7", "facil_8", "facil_13", "facil_19", "facil_26", "facil_27", "facil_34", "facil_35", "facil_45", "facil_46", "facil_52", "facil_54", "facil_67", "facil_75"], "cust_312": ["facil_8", "facil_13", "facil_15", "facil_19", "facil_27", "facil_29", "facil_34", "facil_45", "facil_46", "facil_52", "facil_54", "facil_57"], "cust_313": ["facil_9", "facil_10", "facil_12", "facil_26", "facil_38", "facil_39", "facil_40", "facil_58", "facil_72"], "cust_314": ["facil_7", "facil_10", "facil_11", "facil_14", "facil_35", "facil_38", "facil_53", "facil_58", "facil_65", "facil_66"], "cust_315": ["facil_7", "facil_8", "facil_11", "facil_14", "facil_19", "facil_35", "facil_38", "facil_53", "facil_59", "facil_65", "facil_66"], "cust_316": ["facil_20", "facil_60", "facil_70", "facil_71"], "cust_317": ["facil_1", "facil_2", "facil_6", "facil_16", "facil_28", "facil_33", "facil_51", "facil_62", "facil_63", "facil_68", "facil_73", "facil_74"], "cust_318": ["facil_5", "facil_15", "facil_20", "facil_29", "facil_36", "facil_37", "facil_47", "facil_57", "facil_60", "facil_70", "facil_71"], "cust_319": ["facil_18", "facil_24", "facil_50"], "cust_320": ["facil_1", "facil_6", "facil_16", "facil_23", "facil_33", "facil_41", "facil_42", "facil_43", "facil_49", "facil_56", "facil_62", "facil_63", "facil_73"], "cust_321": ["facil_1", "facil_2", "facil_21", "facil_22", "facil_28", "facil_33", "facil_43", "facil_61", "facil_62", "facil_73", "facil_74"], "cust_322": ["facil_5", "facil_15", "facil_20", "facil_36", "facil_37", "facil_57", "facil_60", "facil_70", "facil_71"], "cust_323": ["facil_1", "facil_2", "facil_6", "facil_16", "facil_22", "facil_28", "facil_33", "facil_41", "facil_42", "facil_43", "facil_62", "facil_63", "facil_73"], "cust_324": ["facil_4", "facil_7", "facil_8", "facil_12", "facil_17", "facil_26", "facil_27", "facil_34", "facil_35", "facil_46", "facil_52", "facil_67", "facil_68", "facil_75"], "cust_325": ["facil_21", "facil_28", "facil_36", "facil_47", "facil_61", "facil_69"], "cust_326": ["facil_3", "facil_9", "facil_16", "facil_18", "facil_24", "facil_32", "facil_40", "facil_44", "facil_49", "facil_50"], "cust_327": ["facil_7", "facil_8", "facil_13", "facil_14", "facil_19", "facil_27", "facil_34", "facil_35", "facil_46", "facil_52", "facil_53", "facil_54", "facil_67"], "cust_328": ["facil_1", "facil_22", "facil_41", "facil_42", "facil_43", "facil_62", "facil_64", "facil_73"], "cust_329": ["facil_5", "facil_21", "facil_28", "facil_36", "facil_37", "facil_47", "facil_48", "facil_61", "facil_69", "facil_71", "facil_74"], "cust_330": ["facil_13", "facil_15", "facil_54", "facil_57"], "cust_331": ["facil_7", "facil_8", "facil_13", "facil_14", "facil_19", "facil_27", "facil_34", "facil_35", "facil_46", "facil_52", "facil_53", "facil_54", "facil_67"], "cust_332": ["facil_2", "facil_4", "facil_5", "facil_21", "facil_28", "facil_29", "facil_30", "facil_36", "facil_45", "facil_47", "facil_48", "facil_68", "facil_74"], "cust_333": ["facil_21", "facil_61", "facil_69"], "cust_334": ["facil_3", "facil_6", "facil_12", "facil_16", "facil_17", "facil_26", "facil_32", "facil_33", "facil_40", "facil_44", "facil_51", "facil_63", "facil_68", "facil_75"], "cust_335": ["facil_5", "facil_20", "facil_21", "facil_36", "facil_37", "facil_47", "facil_60", "facil_69", "facil_70", "facil_71"], "cust_336": ["facil_1", "facil_2", "facil_6", "facil_16", "facil_28", "facil_33", "facil_51", "facil_62", "facil_63", "facil_68", "facil_73", "facil_74"], "cust_337": ["facil_11", "facil_59", "facil_65", "facil_66"], "cust_338": ["facil_1", "facil_23", "facil_41", "facil_42", "facil_43", "facil_56", "facil_63", "facil_64"], "cust_339": ["facil_9", "facil_10", "facil_12", "facil_38", "facil_39", "facil_40", "facil_58", "facil_65", "facil_72"], "cust_340": ["facil_5", "facil_15", "facil_20", "facil_29", "facil_36", "facil_37", "facil_47", "facil_57", "facil_60", "facil_70", "facil_71"], "cust_341": ["facil_2", "facil_3", "facil_6", "facil_16", "facil_17", "facil_33", "facil_40", "facil_44", "facil_51", "facil_63", "facil_68", "facil_73", "facil_75"], "cust_342": ["facil_4", "facil_7", "facil_8", "facil_13", "facil_14", "facil_19", "facil_27", "facil_34", "facil_35", "facil_46", "facil_52", "facil_53", "facil_54", "facil_67"], "cust_343": ["facil_7", "facil_11", "facil_14", "facil_19", "facil_35", "facil_38", "facil_53", "facil_59", "facil_65", "facil_66"], "cust_344": ["facil_7", "facil_8", "facil_11", "facil_14", "facil_19", "facil_35", "facil_38", "facil_53", "facil_59", "facil_65", "facil_66"], "cust_345": ["facil_1", "facil_2", "facil_6", "facil_16", "facil_23", "facil_33", "facil_43", "facil_49", "facil_51", "facil_62", "facil_63", "facil_73"], "cust_346": ["facil_7", "facil_8", "facil_11", "facil_14", "facil_19", "facil_35", "facil_38", "facil_53", "facil_58", "facil_65", "facil_66"], "cust_347": ["facil_18", "facil_25", "facil_50", "facil_55"], "cust_348": ["facil_10", "facil_31", "facil_38", "facil_58", "facil_65"], "cust_349": ["facil_5", "facil_8", "facil_13", "facil_15", "facil_19", "facil_27", "facil_29", "facil_34", "facil_45", "facil_46", "facil_52", "facil_54", "facil_57"], "cust_350": ["facil_3", "facil_9", "facil_18", "facil_24", "facil_25", "facil_32", "facil_44", "facil_50"], "cust_351": ["facil_8", "facil_13", "facil_15", "facil_19", "facil_27", "facil_29", "facil_34", "facil_45", "facil_46", "facil_52", "facil_54", "facil_57"], "cust_352": ["facil_3", "facil_16", "facil_18", "facil_24", "facil_32", "facil_44", "facil_49", "facil_50"], "cust_353": ["facil_4", "facil_6", "facil_7", "facil_8", "facil_17", "facil_26", "facil_27", "facil_29", "facil_30", "facil_34", "facil_45", "facil_46", "facil_52", "facil_67", "facil_68", "facil_75"], "cust_354": ["facil_22", "facil_41", "facil_42", "facil_43", "facil_64"], "cust_355": ["facil_4", "facil_5", "facil_8", "facil_13", "facil_15", "facil_19", "facil_27", "facil_29", "facil_34", "facil_45", "facil_46", "facil_52", "facil_54", "facil_57"], "cust_356": ["facil_2", "facil_3", "facil_4", "facil_6", "facil_16", "facil_17", "facil_26", "facil_33", "facil_51", "facil_63", "facil_68", "facil_73", "facil_75"], "cust_357": ["facil_3", "facil_6", "facil_9", "facil_12", "facil_16", "facil_17", "facil_26", "facil_32", "facil_40", "facil_44", "facil_51", "facil_67", "facil_68", "facil_75"], "cust_358": ["facil_5", "facil_21", "facil_28", "facil_29", "facil_30", "facil_36", "facil_37", "facil_47", "facil_48", "facil_61", "facil_69", "facil_74"], "cust_359": ["facil_7", "facil_11", "facil_14", "facil_35", "facil_38", "facil_53", "facil_59", "facil_65", "facil_66"], "cust_360": ["facil_4", "facil_5", "facil_8", "facil_13", "facil_15", "facil_27", "facil_29", "facil_34", "facil_45", "facil_46", "facil_52", "facil_54", "facil_57"], "cust_361": ["facil_3", "facil_9", "facil_12", "facil_16", "facil_17", "facil_32", "facil_39", "facil_40", "facil_44", "facil_50", "facil_51"], "cust_362": ["facil_1", "facil_22", "facil_28", "facil_41", "facil_42", "facil_43", "facil_61", "facil_62", "facil_64", "facil_73"], "cust_363": ["facil_7", "facil_8", "facil_13", "facil_14", "facil_19", "facil_27", "facil_34", "facil_35", "facil_46", "facil_52", "facil_53", "facil_54", "facil_67"], "cust_364": ["facil_2", "facil_3", "facil_4", "facil_6", "facil_12", "facil_16", "facil_17", "facil_26", "facil_33", "facil_40", "facil_44", "facil_51", "facil_63", "facil_67", "facil_68", "facil_73", "facil_75"], "cust_365": ["facil_5", "facil_20", "facil_36", "facil_37", "facil_47", "facil_60", "facil_69", "facil_70", "facil_71"], "cust_366": ["facil_3", "facil_9", "facil_12", "facil_16", "facil_17", "facil_32", "facil_39", "facil_40", "facil_44", "facil_50", "facil_51", "facil_72"], "cust_367": ["facil_5", "facil_15", "facil_20", "facil_21", "facil_29", "facil_36", "facil_37", "facil_47", "facil_48", "facil_60", "facil_69", "facil_70", "facil_71", "facil_74"], "cust_368": ["facil_61", "facil_69"], "cust_369": ["facil_1", "facil_2", "facil_3", "facil_6", "facil_16", "facil_17", "facil_33", "facil_51", "facil_62", "facil_63", "facil_68", "facil_73", "facil_75"], "cust_370": ["facil_1", "facil_2", "facil_6", "facil_16", "facil_22", "facil_28", "facil_33", "facil_43", "facil_51", "facil_62", "facil_63", "facil_68", "facil_73"], "cust_371": ["facil_1", "facil_22", "facil_28", "facil_41", "facil_42", "facil_43", "facil_61", "facil_62", "facil_64", "facil_73"], "cust_372": ["facil_64"], "cust_373": ["facil_1", "facil_2", "facil_22", "facil_28", "facil_33", "facil_41", "facil_42", "facil_43", "facil_62", "facil_63", "facil_73"], "cust_374": ["facil_5", "facil_13", "facil_15", "facil_20", "facil_27", "facil_29", "facil_37", "facil_45", "facil_47", "facil_48", "facil_52", "facil_57"], "cust_375": ["facil_1", "facil_16", "facil_23", "facil_33", "facil_41", "facil_42", "facil_43", "facil_49", "facil_56", "facil_63"]}