{"cust_1": ["facil_4", "facil_5", "facil_32"], "cust_2": ["facil_9", "facil_24", "facil_29"], "cust_3": ["facil_12", "facil_16", "facil_18"], "cust_4": ["facil_4", "facil_5", "facil_14", "facil_15", "facil_32", "facil_36"], "cust_5": ["facil_31"], "cust_6": ["facil_9", "facil_29"], "cust_7": ["facil_13", "facil_20", "facil_22", "facil_26", "facil_37"], "cust_8": ["facil_17", "facil_21", "facil_27", "facil_33"], "cust_9": ["facil_3", "facil_17", "facil_21", "facil_35", "facil_38"], "cust_10": ["facil_7", "facil_28"], "cust_11": ["facil_5", "facil_14", "facil_15", "facil_18", "facil_36"], "cust_12": ["facil_8", "facil_31"], "cust_13": ["facil_25", "facil_40"], "cust_14": ["facil_20", "facil_26", "facil_37"], "cust_15": ["facil_32", "facil_39"], "cust_16": ["facil_16", "facil_18"], "cust_17": ["facil_9", "facil_29", "facil_34"], "cust_18": ["facil_23", "facil_34"], "cust_19": ["facil_7", "facil_11", "facil_20", "facil_26"], "cust_20": ["facil_16", "facil_18"], "cust_21": ["facil_4", "facil_10", "facil_30", "facil_36"], "cust_22": ["facil_11"], "cust_23": ["facil_17", "facil_21", "facil_33", "facil_35", "facil_38"], "cust_24": ["facil_4", "facil_5", "facil_32", "facil_36"], "cust_25": ["facil_10", "facil_12"], "cust_26": ["facil_5", "facil_14", "facil_32"], "cust_27": ["facil_23", "facil_34"], "cust_28": ["facil_2", "facil_32", "facil_39"], "cust_29": ["facil_16", "facil_18"], "cust_30": ["facil_25", "facil_40"], "cust_31": ["facil_9", "facil_24"], "cust_32": ["facil_9", "facil_22", "facil_24"], "cust_33": ["facil_9", "facil_24", "facil_29"], "cust_34": ["facil_7", "facil_28"], "cust_35": ["facil_17", "facil_33", "facil_38"], "cust_36": ["facil_4", "facil_5", "facil_14", "facil_15", "facil_36"], "cust_37": ["facil_7", "facil_28"], "cust_38": ["facil_7", "facil_28"], "cust_39": ["facil_9", "facil_24", "facil_29"], "cust_40": ["facil_13", "facil_22", "facil_27", "facil_37"], "cust_41": ["facil_2"], "cust_42": ["facil_10", "facil_12", "facil_30", "facil_36"], "cust_43": ["facil_3", "facil_21", "facil_35", "facil_38"], "cust_44": ["facil_7", "facil_11", "facil_20", "facil_26"], "cust_45": ["facil_23", "facil_34"], "cust_46": ["facil_1", "facil_12", "facil_16"], "cust_47": ["facil_14"], "cust_48": ["facil_9", "facil_13", "facil_22", "facil_29"], "cust_49": ["facil_13", "facil_22", "facil_27", "facil_29"], "cust_50": ["facil_8"], "cust_51": ["facil_4", "facil_30"], "cust_52": ["facil_26"], "cust_53": ["facil_8"], "cust_54": ["facil_10", "facil_17", "facil_21", "facil_27"], "cust_55": ["facil_4", "facil_5", "facil_32"], "cust_56": ["facil_25", "facil_40"], "cust_57": ["facil_1", "facil_12", "facil_16"], "cust_58": ["facil_13", "facil_22", "facil_27", "facil_37"], "cust_59": ["facil_17", "facil_21", "facil_33", "facil_35", "facil_38"], "cust_60": ["facil_3", "facil_19", "facil_35", "facil_38"], "cust_61": ["facil_8", "facil_31"], "cust_62": ["facil_10", "facil_12"], "cust_63": ["facil_16", "facil_18"], "cust_64": ["facil_10", "facil_12", "facil_21"], "cust_65": ["facil_10", "facil_27", "facil_30"], "cust_66": ["facil_2", "facil_39"], "cust_67": ["facil_2", "facil_23", "facil_39"], "cust_68": ["facil_13", "facil_22", "facil_27", "facil_37"], "cust_69": ["facil_13", "facil_22", "facil_27", "facil_37"], "cust_70": ["facil_26"], "cust_71": ["facil_13", "facil_17", "facil_22", "facil_27", "facil_33", "facil_37"], "cust_72": ["facil_17", "facil_21", "facil_35", "facil_38"], "cust_73": ["facil_6", "facil_24", "facil_25", "facil_40"], "cust_74": ["facil_12", "facil_16"], "cust_75": ["facil_14"], "cust_76": ["facil_11", "facil_20", "facil_26"], "cust_77": ["facil_1"], "cust_78": ["facil_20", "facil_26"], "cust_79": ["facil_9", "facil_13", "facil_22", "facil_27", "facil_29", "facil_37"], "cust_80": ["facil_17", "facil_21", "facil_33", "facil_35", "facil_38"], "cust_81": ["facil_5", "facil_14", "facil_15", "facil_36"], "cust_82": ["facil_32", "facil_39"], "cust_83": ["facil_23", "facil_34"], "cust_84": ["facil_2", "facil_39"], "cust_85": ["facil_17", "facil_21", "facil_33", "facil_35", "facil_38"], "cust_86": ["facil_5", "facil_14", "facil_15", "facil_36"], "cust_87": ["facil_10", "facil_27", "facil_30"], "cust_88": ["facil_7", "facil_28"], "cust_89": ["facil_4", "facil_5", "facil_14", "facil_15", "facil_36"], "cust_90": ["facil_25", "facil_40"], "cust_91": ["facil_32", "facil_39"], "cust_92": ["facil_10", "facil_12", "facil_30"], "cust_93": ["facil_11"], "cust_94": ["facil_13", "facil_22", "facil_27", "facil_37"], "cust_95": ["facil_13", "facil_17", "facil_22", "facil_27", "facil_37"], "cust_96": ["facil_10", "facil_30"], "cust_97": ["facil_13", "facil_20", "facil_22", "facil_27", "facil_33", "facil_37"], "cust_98": ["facil_3"], "cust_99": ["facil_18"], "cust_100": ["facil_12", "facil_21", "facil_35"], "cust_101": ["facil_4", "facil_30"], "cust_102": ["facil_17", "facil_21", "facil_33", "facil_35", "facil_38"], "cust_103": ["facil_10", "facil_30"], "cust_104": ["facil_3", "facil_17", "facil_21", "facil_35", "facil_38"], "cust_105": ["facil_13", "facil_22", "facil_27", "facil_37"], "cust_106": ["facil_24"], "cust_107": ["facil_5", "facil_14", "facil_15", "facil_36"], "cust_108": ["facil_7", "facil_11", "facil_28"], "cust_109": ["facil_31", "facil_32", "facil_39"], "cust_110": ["facil_5", "facil_32"], "cust_111": ["facil_17", "facil_19", "facil_21", "facil_35", "facil_38"], "cust_112": ["facil_20", "facil_22", "facil_26", "facil_37"], "cust_113": ["facil_4", "facil_10", "facil_30", "facil_36"], "cust_114": ["facil_6"], "cust_115": ["facil_9", "facil_24", "facil_29"], "cust_116": ["facil_13", "facil_27"], "cust_117": ["facil_4", "facil_30"], "cust_118": ["facil_1", "facil_12"], "cust_119": ["facil_14", "facil_15"], "cust_120": ["facil_8"], "cust_121": ["facil_3", "facil_21", "facil_35", "facil_38"], "cust_122": ["facil_17", "facil_21", "facil_33", "facil_35", "facil_38"], "cust_123": ["facil_3", "facil_35", "facil_38"], "cust_124": ["facil_11"], "cust_125": ["facil_13", "facil_20", "facil_22", "facil_27", "facil_37"], "cust_126": ["facil_3", "facil_19", "facil_38"], "cust_127": ["facil_11"], "cust_128": ["facil_3", "facil_19", "facil_35", "facil_38"], "cust_129": ["facil_11"], "cust_130": ["facil_19", "facil_33"], "cust_131": ["facil_31", "facil_39"], "cust_132": ["facil_3"], "cust_133": ["facil_5", "facil_14", "facil_15"], "cust_134": ["facil_6"], "cust_135": ["facil_19"], "cust_136": ["facil_7", "facil_11"], "cust_137": ["facil_3"], "cust_138": ["facil_9", "facil_29"], "cust_139": ["facil_31"], "cust_140": ["facil_15", "facil_16", "facil_18"], "cust_141": ["facil_19", "facil_38"], "cust_142": ["facil_5", "facil_14", "facil_15"], "cust_143": ["facil_13", "facil_22", "facil_37"], "cust_144": ["facil_7", "facil_11"], "cust_145": ["facil_14", "facil_15", "facil_18"], "cust_146": ["facil_9", "facil_24"], "cust_147": ["facil_1", "facil_12", "facil_16"], "cust_148": ["facil_9", "facil_13", "facil_22", "facil_29"], "cust_149": ["facil_17", "facil_21", "facil_35", "facil_38"], "cust_150": ["facil_16", "facil_18"], "cust_151": ["facil_14", "facil_15"], "cust_152": ["facil_16", "facil_18"], "cust_153": ["facil_3", "facil_21", "facil_35", "facil_38"], "cust_154": ["facil_10", "facil_27"], "cust_155": ["facil_13", "facil_22", "facil_27", "facil_37"], "cust_156": ["facil_3", "facil_21", "facil_35", "facil_38"], "cust_157": ["facil_17", "facil_19", "facil_21", "facil_35", "facil_38"], "cust_158": ["facil_10", "facil_30"], "cust_159": ["facil_7", "facil_11", "facil_20"], "cust_160": ["facil_20", "facil_22", "facil_26", "facil_37"], "cust_161": ["facil_13", "facil_22", "facil_27", "facil_37"], "cust_162": ["facil_6", "facil_24"], "cust_163": ["facil_1", "facil_16"], "cust_164": ["facil_10", "facil_30"], "cust_165": ["facil_1", "facil_12"], "cust_166": ["facil_17", "facil_21", "facil_27"], "cust_167": ["facil_20", "facil_26"], "cust_168": ["facil_23", "facil_34"], "cust_169": ["facil_5", "facil_14", "facil_15", "facil_36"], "cust_170": ["facil_10", "facil_13", "facil_27", "facil_30"], "cust_171": ["facil_4", "facil_30"], "cust_172": ["facil_6", "facil_25", "facil_40"], "cust_173": ["facil_9", "facil_24", "facil_29"], "cust_174": ["facil_7", "facil_28"], "cust_175": ["facil_3"], "cust_176": ["facil_8"], "cust_177": ["facil_5", "facil_14", "facil_15"], "cust_178": ["facil_22", "facil_37"], "cust_179": ["facil_9", "facil_24", "facil_29"], "cust_180": ["facil_14", "facil_18"], "cust_181": ["facil_26"], "cust_182": ["facil_13", "facil_22", "facil_27", "facil_37"], "cust_183": ["facil_7", "facil_28"], "cust_184": ["facil_32"], "cust_185": ["facil_5", "facil_14", "facil_15"], "cust_186": ["facil_2", "facil_39"], "cust_187": ["facil_28"], "cust_188": ["facil_9", "facil_13", "facil_22", "facil_29", "facil_37"], "cust_189": ["facil_16", "facil_18"], "cust_190": ["facil_5", "facil_14", "facil_32"], "cust_191": ["facil_17", "facil_27", "facil_33", "facil_37"], "cust_192": ["facil_3", "facil_19", "facil_38"], "cust_193": ["facil_13", "facil_22", "facil_27", "facil_29", "facil_37"], "cust_194": ["facil_2", "facil_23", "facil_39"], "cust_195": ["facil_13", "facil_22", "facil_27", "facil_37"], "cust_196": ["facil_3", "facil_35"], "cust_197": ["facil_2", "facil_23", "facil_39"], "cust_198": ["facil_16", "facil_18"], "cust_199": ["facil_14", "facil_15", "facil_18"], "cust_200": ["facil_31", "facil_32"]}