{"cust_1": ["facil_10", "facil_30", "facil_33", "facil_39", "facil_45", "facil_49"], "cust_2": ["facil_1", "facil_11", "facil_12", "facil_16", "facil_32", "facil_38", "facil_46", "facil_49"], "cust_3": ["facil_3", "facil_7", "facil_8", "facil_43"], "cust_4": ["facil_16", "facil_20", "facil_21", "facil_29", "facil_50"], "cust_5": ["facil_20", "facil_35", "facil_36"], "cust_6": ["facil_11", "facil_12", "facil_27", "facil_32", "facil_38", "facil_46", "facil_47"], "cust_7": ["facil_4", "facil_5", "facil_13", "facil_19", "facil_40", "facil_41"], "cust_8": ["facil_1", "facil_11", "facil_12", "facil_27", "facil_32", "facil_38", "facil_46", "facil_47"], "cust_9": ["facil_11", "facil_12", "facil_17", "facil_37", "facil_38", "facil_46", "facil_47"], "cust_10": ["facil_16", "facil_21", "facil_29", "facil_34", "facil_50"], "cust_11": ["facil_10", "facil_15", "facil_17", "facil_33", "facil_37", "facil_44", "facil_45", "facil_49"], "cust_12": ["facil_11", "facil_16", "facil_21", "facil_29", "facil_32", "facil_34", "facil_38", "facil_49", "facil_50"], "cust_13": ["facil_22", "facil_26", "facil_28", "facil_31"], "cust_14": ["facil_2", "facil_6", "facil_14", "facil_23", "facil_24", "facil_25", "facil_48"], "cust_15": ["facil_16", "facil_20", "facil_21", "facil_29", "facil_35", "facil_50"], "cust_16": ["facil_1", "facil_11", "facil_12", "facil_27", "facil_32", "facil_38", "facil_46"], "cust_17": ["facil_14", "facil_18", "facil_25", "facil_47"], "cust_18": ["facil_16", "facil_20", "facil_21", "facil_29", "facil_34", "facil_50"], "cust_19": ["facil_26", "facil_31"], "cust_20": ["facil_12", "facil_15", "facil_17", "facil_37", "facil_44", "facil_47"], "cust_21": ["facil_1", "facil_11", "facil_12", "facil_27", "facil_32", "facil_38", "facil_46", "facil_47"], "cust_22": ["facil_2", "facil_14", "facil_23", "facil_24", "facil_27", "facil_48"], "cust_23": ["facil_2", "facil_3", "facil_6", "facil_7", "facil_8", "facil_23", "facil_24", "facil_43"], "cust_24": ["facil_4", "facil_5", "facil_9", "facil_13", "facil_25"], "cust_25": ["facil_26", "facil_28", "facil_31"], "cust_26": ["facil_15", "facil_17", "facil_19", "facil_37", "facil_42", "facil_44"], "cust_27": ["facil_16", "facil_21", "facil_29", "facil_34", "facil_50"], "cust_28": ["facil_1", "facil_11", "facil_22", "facil_27", "facil_32", "facil_46", "facil_48"], "cust_29": ["facil_16", "facil_21", "facil_29", "facil_34", "facil_50"], "cust_30": ["facil_19", "facil_40"], "cust_31": ["facil_4", "facil_5", "facil_6", "facil_9", "facil_14", "facil_25"], "cust_32": ["facil_23", "facil_26", "facil_27", "facil_48"], "cust_33": ["facil_2", "facil_6", "facil_9", "facil_14", "facil_18", "facil_24", "facil_25"], "cust_34": ["facil_19", "facil_40", "facil_41", "facil_42"], "cust_35": ["facil_12", "facil_15", "facil_17", "facil_37", "facil_44", "facil_46", "facil_47"], "cust_36": ["facil_15", "facil_33", "facil_44", "facil_45"], "cust_37": ["facil_4", "facil_5", "facil_9", "facil_13", "facil_18", "facil_19", "facil_25", "facil_41"], "cust_38": ["facil_16", "facil_21", "facil_30", "facil_34", "facil_38", "facil_49", "facil_50"], "cust_39": ["facil_4", "facil_5", "facil_9", "facil_13", "facil_18", "facil_25", "facil_41", "facil_47"], "cust_40": ["facil_20", "facil_29", "facil_35", "facil_36"], "cust_41": ["facil_2", "facil_3", "facil_6", "facil_7", "facil_8", "facil_14", "facil_23", "facil_24", "facil_43"], "cust_42": ["facil_1", "facil_11", "facil_20", "facil_22", "facil_28", "facil_29", "facil_32"], "cust_43": ["facil_1", "facil_22", "facil_26", "facil_27", "facil_31", "facil_32", "facil_48"], "cust_44": ["facil_1", "facil_11", "facil_16", "facil_22", "facil_27", "facil_32", "facil_38", "facil_46"], "cust_45": ["facil_1", "facil_20", "facil_22", "facil_28", "facil_31"], "cust_46": ["facil_20", "facil_35", "facil_36"], "cust_47": ["facil_1", "facil_22", "facil_27", "facil_28", "facil_31", "facil_32"], "cust_48": ["facil_20", "facil_22", "facil_29", "facil_35"], "cust_49": ["facil_1", "facil_12", "facil_27", "facil_32", "facil_46", "facil_47", "facil_48"], "cust_50": ["facil_10", "facil_39"], "cust_51": ["facil_1", "facil_11", "facil_12", "facil_22", "facil_27", "facil_32", "facil_38", "facil_46"], "cust_52": ["facil_2", "facil_6", "facil_9", "facil_14", "facil_24", "facil_25"], "cust_53": ["facil_15", "facil_19", "facil_42", "facil_44", "facil_45"], "cust_54": ["facil_2", "facil_3", "facil_6", "facil_7", "facil_8", "facil_24", "facil_43"], "cust_55": ["facil_1", "facil_11", "facil_12", "facil_27", "facil_32", "facil_46", "facil_48"], "cust_56": ["facil_11", "facil_12", "facil_16", "facil_32", "facil_38", "facil_46", "facil_49"], "cust_57": ["facil_10", "facil_30", "facil_37", "facil_38", "facil_49"], "cust_58": ["facil_35", "facil_36"], "cust_59": ["facil_1", "facil_11", "facil_12", "facil_27", "facil_32", "facil_46", "facil_47", "facil_48"], "cust_60": ["facil_1", "facil_11", "facil_16", "facil_22", "facil_29", "facil_32"], "cust_61": ["facil_10", "facil_16", "facil_21", "facil_30", "facil_34", "facil_38", "facil_49", "facil_50"], "cust_62": ["facil_3", "facil_7", "facil_8", "facil_43"], "cust_63": ["facil_1", "facil_11", "facil_16", "facil_22", "facil_29", "facil_32"], "cust_64": ["facil_12", "facil_17", "facil_18", "facil_37", "facil_42", "facil_44", "facil_47"], "cust_65": ["facil_4", "facil_5", "facil_6", "facil_9", "facil_13", "facil_14", "facil_25"], "cust_66": ["facil_2", "facil_6", "facil_9", "facil_14", "facil_24", "facil_25"], "cust_67": ["facil_3", "facil_7", "facil_8", "facil_43"], "cust_68": ["facil_10", "facil_11", "facil_16", "facil_30", "facil_34", "facil_38", "facil_49", "facil_50"], "cust_69": ["facil_10", "facil_16", "facil_21", "facil_30", "facil_34", "facil_38", "facil_49", "facil_50"], "cust_70": ["facil_21", "facil_30", "facil_34", "facil_50"], "cust_71": ["facil_2", "facil_3", "facil_7", "facil_8", "facil_23", "facil_24", "facil_43", "facil_48"], "cust_72": ["facil_20", "facil_22", "facil_29", "facil_35", "facil_36"], "cust_73": ["facil_19", "facil_40", "facil_42"], "cust_74": ["facil_4", "facil_13", "facil_19", "facil_40", "facil_41"], "cust_75": ["facil_23", "facil_26", "facil_48"], "cust_76": ["facil_26", "facil_31"], "cust_77": ["facil_15", "facil_33", "facil_45"], "cust_78": ["facil_4", "facil_5", "facil_9", "facil_13", "facil_14", "facil_18", "facil_25"], "cust_79": ["facil_10", "facil_11", "facil_16", "facil_30", "facil_34", "facil_38", "facil_49", "facil_50"], "cust_80": ["facil_2", "facil_14", "facil_23", "facil_27", "facil_48"], "cust_81": ["facil_21", "facil_30", "facil_34", "facil_50"], "cust_82": ["facil_4", "facil_5", "facil_9", "facil_13", "facil_18", "facil_25", "facil_41"], "cust_83": ["facil_1", "facil_22", "facil_27", "facil_28", "facil_31", "facil_32"], "cust_84": ["facil_11", "facil_16", "facil_29", "facil_32", "facil_38", "facil_50"], "cust_85": ["facil_4", "facil_5", "facil_9", "facil_13", "facil_41"], "cust_86": ["facil_12", "facil_15", "facil_17", "facil_37", "facil_38", "facil_46", "facil_47", "facil_49"], "cust_87": ["facil_12", "facil_17", "facil_37", "facil_38", "facil_46", "facil_47"], "cust_88": ["facil_20", "facil_28", "facil_35", "facil_36"], "cust_89": ["facil_33", "facil_45"], "cust_90": ["facil_16", "facil_21", "facil_29", "facil_34", "facil_50"], "cust_91": ["facil_12", "facil_17", "facil_18", "facil_37", "facil_44", "facil_46", "facil_47"], "cust_92": ["facil_4", "facil_5", "facil_9", "facil_13", "facil_19", "facil_41"], "cust_93": ["facil_1", "facil_23", "facil_26", "facil_27", "facil_48"], "cust_94": ["facil_10", "facil_16", "facil_30", "facil_34", "facil_38", "facil_49", "facil_50"], "cust_95": ["facil_10", "facil_12", "facil_15", "facil_17", "facil_37", "facil_38", "facil_44", "facil_49"], "cust_96": ["facil_2", "facil_6", "facil_14", "facil_23", "facil_24", "facil_25", "facil_48"], "cust_97": ["facil_1", "facil_11", "facil_16", "facil_20", "facil_22", "facil_29", "facil_32"], "cust_98": ["facil_4", "facil_5", "facil_9", "facil_13", "facil_25"], "cust_99": ["facil_28", "facil_31"], "cust_100": ["facil_40"], "cust_101": ["facil_11", "facil_12", "facil_18", "facil_27", "facil_32", "facil_46", "facil_47"], "cust_102": ["facil_2", "facil_23", "facil_24", "facil_27", "facil_48"], "cust_103": ["facil_10", "facil_30", "facil_34", "facil_38", "facil_39", "facil_49", "facil_50"], "cust_104": ["facil_1", "facil_11", "facil_12", "facil_27", "facil_32", "facil_38", "facil_46"], "cust_105": ["facil_10", "facil_15", "facil_30", "facil_33", "facil_39", "facil_45", "facil_49"], "cust_106": ["facil_28", "facil_31"], "cust_107": ["facil_1", "facil_11", "facil_16", "facil_22", "facil_29", "facil_32"], "cust_108": ["facil_1", "facil_11", "facil_16", "facil_22", "facil_27", "facil_32"], "cust_109": ["facil_3", "facil_7", "facil_8", "facil_23", "facil_24", "facil_43"], "cust_110": ["facil_12", "facil_17", "facil_18", "facil_37", "facil_47"], "cust_111": ["facil_12", "facil_14", "facil_18", "facil_27", "facil_32", "facil_46", "facil_47", "facil_48"], "cust_112": ["facil_22", "facil_28", "facil_31"], "cust_113": ["facil_19", "facil_40", "facil_41", "facil_42"], "cust_114": ["facil_10", "facil_15", "facil_33", "facil_39", "facil_45", "facil_49"], "cust_115": ["facil_10", "facil_15", "facil_33", "facil_39", "facil_45"], "cust_116": ["facil_1", "facil_11", "facil_16", "facil_22", "facil_27", "facil_32"], "cust_117": ["facil_1", "facil_20", "facil_22", "facil_28", "facil_32"], "cust_118": ["facil_2", "facil_14", "facil_18", "facil_25", "facil_47"], "cust_119": ["facil_21", "facil_29", "facil_34", "facil_50"], "cust_120": ["facil_1", "facil_23", "facil_26", "facil_27", "facil_31", "facil_48"], "cust_121": ["facil_16", "facil_21", "facil_29", "facil_34", "facil_50"], "cust_122": ["facil_15", "facil_42", "facil_44", "facil_45"], "cust_123": ["facil_15", "facil_33", "facil_44", "facil_45"], "cust_124": ["facil_3", "facil_7", "facil_8", "facil_43"], "cust_125": ["facil_2", "facil_5", "facil_9", "facil_13", "facil_14", "facil_18", "facil_25", "facil_47"], "cust_126": ["facil_15", "facil_17", "facil_19", "facil_37", "facil_42", "facil_44"], "cust_127": ["facil_15", "facil_33", "facil_45"], "cust_128": ["facil_23", "facil_26", "facil_27", "facil_48"], "cust_129": ["facil_1", "facil_23", "facil_27", "facil_32", "facil_46", "facil_48"], "cust_130": ["facil_2", "facil_6", "facil_7", "facil_8", "facil_14", "facil_24", "facil_25"], "cust_131": ["facil_15", "facil_42", "facil_44", "facil_45"], "cust_132": ["facil_4", "facil_5", "facil_6", "facil_9", "facil_13", "facil_14", "facil_18", "facil_25"], "cust_133": ["facil_4", "facil_5", "facil_6", "facil_9", "facil_13", "facil_14", "facil_18", "facil_25"], "cust_134": ["facil_2", "facil_3", "facil_6", "facil_7", "facil_8", "facil_23", "facil_24", "facil_43"], "cust_135": ["facil_12", "facil_15", "facil_17", "facil_37", "facil_44", "facil_46", "facil_47"], "cust_136": ["facil_16", "facil_21", "facil_29", "facil_34", "facil_38", "facil_50"], "cust_137": ["facil_2", "facil_6", "facil_7", "facil_14", "facil_23", "facil_24", "facil_25"], "cust_138": ["facil_16", "facil_20", "facil_21", "facil_29", "facil_50"], "cust_139": ["facil_19", "facil_40", "facil_41"], "cust_140": ["facil_4", "facil_5", "facil_9", "facil_13", "facil_25"], "cust_141": ["facil_11", "facil_12", "facil_15", "facil_17", "facil_37", "facil_38", "facil_46", "facil_47", "facil_49"], "cust_142": ["facil_33", "facil_45"], "cust_143": ["facil_2", "facil_7", "facil_8", "facil_14", "facil_23", "facil_24", "facil_43", "facil_48"], "cust_144": ["facil_15", "facil_17", "facil_33", "facil_37", "facil_44", "facil_45"], "cust_145": ["facil_2", "facil_6", "facil_14", "facil_23", "facil_24", "facil_25"], "cust_146": ["facil_4", "facil_5", "facil_9", "facil_13"], "cust_147": ["facil_17", "facil_19", "facil_37", "facil_41", "facil_42", "facil_44"], "cust_148": ["facil_35", "facil_36"], "cust_149": ["facil_2", "facil_3", "facil_6", "facil_7", "facil_8", "facil_24", "facil_43"], "cust_150": ["facil_3", "facil_7", "facil_8", "facil_43"], "cust_151": ["facil_2", "facil_3", "facil_7", "facil_8", "facil_23", "facil_24", "facil_43"], "cust_152": ["facil_20", "facil_29", "facil_35", "facil_36"], "cust_153": ["facil_26", "facil_31", "facil_48"], "cust_154": ["facil_12", "facil_15", "facil_17", "facil_18", "facil_37", "facil_42", "facil_44", "facil_47"], "cust_155": ["facil_3", "facil_7", "facil_8", "facil_23", "facil_24", "facil_43"], "cust_156": ["facil_1", "facil_11", "facil_16", "facil_29", "facil_32", "facil_38", "facil_50"], "cust_157": ["facil_3", "facil_7", "facil_8", "facil_23", "facil_24", "facil_43"], "cust_158": ["facil_4", "facil_5", "facil_9", "facil_13", "facil_25", "facil_41"], "cust_159": ["facil_35", "facil_36"], "cust_160": ["facil_4", "facil_5", "facil_9", "facil_13", "facil_14", "facil_18", "facil_25"], "cust_161": ["facil_1", "facil_11", "facil_12", "facil_27", "facil_32", "facil_38", "facil_46"], "cust_162": ["facil_2", "facil_3", "facil_6", "facil_7", "facil_8", "facil_24", "facil_43"], "cust_163": ["facil_26", "facil_28", "facil_31"], "cust_164": ["facil_22", "facil_26", "facil_28", "facil_31"], "cust_165": ["facil_2", "facil_6", "facil_14", "facil_23", "facil_24", "facil_25"], "cust_166": ["facil_11", "facil_12", "facil_16", "facil_32", "facil_38", "facil_46", "facil_49"], "cust_167": ["facil_11", "facil_12", "facil_16", "facil_32", "facil_38", "facil_46", "facil_49"], "cust_168": ["facil_1", "facil_11", "facil_12", "facil_27", "facil_32", "facil_38", "facil_46"], "cust_169": ["facil_4", "facil_5", "facil_9", "facil_13"], "cust_170": ["facil_2", "facil_3", "facil_6", "facil_7", "facil_8", "facil_23", "facil_24", "facil_43"], "cust_171": ["facil_11", "facil_12", "facil_16", "facil_32", "facil_38", "facil_46", "facil_49"], "cust_172": ["facil_15", "facil_17", "facil_37", "facil_42", "facil_44", "facil_45"], "cust_173": ["facil_1", "facil_22", "facil_28", "facil_31"], "cust_174": ["facil_4", "facil_5", "facil_9", "facil_13", "facil_18", "facil_19", "facil_25", "facil_41", "facil_47"], "cust_175": ["facil_3", "facil_8", "facil_43"], "cust_176": ["facil_4", "facil_5", "facil_9", "facil_13", "facil_25"], "cust_177": ["facil_4", "facil_5", "facil_9", "facil_13", "facil_14", "facil_18", "facil_25", "facil_41"], "cust_178": ["facil_20", "facil_29", "facil_35", "facil_36"], "cust_179": ["facil_10", "facil_15", "facil_33", "facil_37", "facil_44", "facil_45"], "cust_180": ["facil_12", "facil_14", "facil_17", "facil_18", "facil_25", "facil_46", "facil_47"], "cust_181": ["facil_3", "facil_7", "facil_8", "facil_23", "facil_24", "facil_43"], "cust_182": ["facil_2", "facil_6", "facil_9", "facil_14", "facil_24", "facil_25"], "cust_183": ["facil_1", "facil_22", "facil_27", "facil_32", "facil_48"], "cust_184": ["facil_4", "facil_5", "facil_9", "facil_13"], "cust_185": ["facil_11", "facil_16", "facil_32", "facil_34", "facil_38", "facil_49", "facil_50"], "cust_186": ["facil_20", "facil_29", "facil_35", "facil_36"], "cust_187": ["facil_2", "facil_6", "facil_14", "facil_18", "facil_23", "facil_24", "facil_25"], "cust_188": ["facil_2", "facil_14", "facil_18", "facil_24", "facil_25", "facil_27", "facil_47"], "cust_189": ["facil_10", "facil_30", "facil_33", "facil_39"], "cust_190": ["facil_1", "facil_22", "facil_26", "facil_27", "facil_32", "facil_48"], "cust_191": ["facil_20", "facil_35", "facil_36"], "cust_192": ["facil_12", "facil_17", "facil_18", "facil_19", "facil_37", "facil_41", "facil_42", "facil_44", "facil_47"], "cust_193": ["facil_16", "facil_20", "facil_21", "facil_29", "facil_35"], "cust_194": ["facil_19", "facil_40", "facil_41", "facil_42"], "cust_195": ["facil_10", "facil_16", "facil_21", "facil_30", "facil_34", "facil_38", "facil_49", "facil_50"], "cust_196": ["facil_21", "facil_34", "facil_50"], "cust_197": ["facil_10", "facil_12", "facil_15", "facil_37", "facil_38", "facil_49"], "cust_198": ["facil_1", "facil_11", "facil_22", "facil_27", "facil_32", "facil_46", "facil_48"], "cust_199": ["facil_20", "facil_35", "facil_36"], "cust_200": ["facil_30", "facil_34", "facil_39"], "cust_201": ["facil_4", "facil_5", "facil_9", "facil_13", "facil_25"], "cust_202": ["facil_19", "facil_40", "facil_41", "facil_42"], "cust_203": ["facil_4", "facil_5", "facil_9", "facil_13", "facil_14", "facil_18", "facil_25"], "cust_204": ["facil_2", "facil_3", "facil_7", "facil_8", "facil_23", "facil_24", "facil_43", "facil_48"], "cust_205": ["facil_1", "facil_22", "facil_26", "facil_27", "facil_28", "facil_31", "facil_32", "facil_48"], "cust_206": ["facil_12", "facil_17", "facil_18", "facil_37", "facil_47"], "cust_207": ["facil_1", "facil_11", "facil_22", "facil_27", "facil_32", "facil_46", "facil_48"], "cust_208": ["facil_1", "facil_22", "facil_26", "facil_27", "facil_28", "facil_31", "facil_48"], "cust_209": ["facil_17", "facil_19", "facil_41", "facil_42", "facil_44"], "cust_210": ["facil_10", "facil_30", "facil_34", "facil_39", "facil_49", "facil_50"], "cust_211": ["facil_10", "facil_33", "facil_39", "facil_45"], "cust_212": ["facil_26"], "cust_213": ["facil_12", "facil_15", "facil_17", "facil_37", "facil_44", "facil_45", "facil_47", "facil_49"], "cust_214": ["facil_26", "facil_28", "facil_31", "facil_48"], "cust_215": ["facil_10", "facil_15", "facil_17", "facil_33", "facil_37", "facil_44", "facil_45", "facil_49"], "cust_216": ["facil_22", "facil_26", "facil_28", "facil_31"], "cust_217": ["facil_15", "facil_33", "facil_37", "facil_42", "facil_44", "facil_45"], "cust_218": ["facil_1", "facil_22", "facil_26", "facil_28", "facil_31", "facil_48"], "cust_219": ["facil_1", "facil_11", "facil_22", "facil_27", "facil_32"], "cust_220": ["facil_10", "facil_15", "facil_33", "facil_37", "facil_45", "facil_49"], "cust_221": ["facil_4", "facil_5", "facil_6", "facil_9", "facil_13", "facil_14", "facil_25"], "cust_222": ["facil_4", "facil_5", "facil_9", "facil_13", "facil_41"], "cust_223": ["facil_3", "facil_7", "facil_8", "facil_23", "facil_24", "facil_43"], "cust_224": ["facil_10", "facil_15", "facil_33", "facil_37", "facil_45", "facil_49"], "cust_225": ["facil_19", "facil_40", "facil_41", "facil_42"], "cust_226": ["facil_10", "facil_21", "facil_30", "facil_34", "facil_49", "facil_50"], "cust_227": ["facil_4", "facil_5", "facil_9", "facil_13", "facil_14", "facil_18", "facil_25"], "cust_228": ["facil_16", "facil_21", "facil_29", "facil_30", "facil_34", "facil_38", "facil_49", "facil_50"], "cust_229": ["facil_2", "facil_3", "facil_7", "facil_8", "facil_23", "facil_24", "facil_43", "facil_48"], "cust_230": ["facil_2", "facil_3", "facil_6", "facil_7", "facil_8", "facil_23", "facil_24", "facil_43"], "cust_231": ["facil_21", "facil_30", "facil_34", "facil_50"], "cust_232": ["facil_2", "facil_6", "facil_9", "facil_14", "facil_24", "facil_25"], "cust_233": ["facil_15", "facil_17", "facil_37", "facil_42", "facil_44", "facil_45"], "cust_234": ["facil_11", "facil_12", "facil_17", "facil_27", "facil_32", "facil_37", "facil_38", "facil_46", "facil_47"], "cust_235": ["facil_10", "facil_30", "facil_39"], "cust_236": ["facil_19", "facil_41", "facil_42", "facil_44"], "cust_237": ["facil_4", "facil_5", "facil_9", "facil_13", "facil_25", "facil_41"], "cust_238": ["facil_10", "facil_11", "facil_12", "facil_16", "facil_38", "facil_46", "facil_49"], "cust_239": ["facil_16", "facil_20", "facil_21", "facil_29", "facil_34", "facil_50"], "cust_240": ["facil_4", "facil_13", "facil_19", "facil_40", "facil_41", "facil_42"], "cust_241": ["facil_10", "facil_11", "facil_16", "facil_30", "facil_38", "facil_49", "facil_50"], "cust_242": ["facil_4", "facil_5", "facil_9"], "cust_243": ["facil_12", "facil_14", "facil_17", "facil_18", "facil_46", "facil_47"], "cust_244": ["facil_2", "facil_14", "facil_23", "facil_24", "facil_27", "facil_48"], "cust_245": ["facil_15", "facil_17", "facil_33", "facil_37", "facil_44", "facil_45"], "cust_246": ["facil_16", "facil_20", "facil_21", "facil_29", "facil_35"], "cust_247": ["facil_4", "facil_5", "facil_9", "facil_13", "facil_25"], "cust_248": ["facil_13", "facil_19", "facil_40", "facil_41", "facil_42"], "cust_249": ["facil_12", "facil_15", "facil_17", "facil_37", "facil_42", "facil_44", "facil_47"], "cust_250": ["facil_15", "facil_33", "facil_37", "facil_44", "facil_45"]}