{"cust_1": ["facil_1", "facil_2", "facil_5", "facil_23", "facil_41", "facil_42", "facil_43", "facil_56"], "cust_2": ["facil_8", "facil_9", "facil_18", "facil_24", "facil_32", "facil_44", "facil_50"], "cust_3": ["facil_41", "facil_42", "facil_43"], "cust_4": ["facil_29", "facil_30", "facil_45", "facil_47", "facil_48", "facil_74"], "cust_5": ["facil_12", "facil_39", "facil_40", "facil_58", "facil_72"], "cust_6": ["facil_21", "facil_36", "facil_47", "facil_61", "facil_69"], "cust_7": ["facil_30", "facil_45", "facil_68", "facil_75"], "cust_8": ["facil_64"], "cust_9": ["facil_30", "facil_33", "facil_62", "facil_68", "facil_73", "facil_74", "facil_75"], "cust_10": ["facil_1", "facil_2", "facil_5", "facil_23", "facil_41", "facil_42", "facil_43", "facil_56"], "cust_11": ["facil_61", "facil_69"], "cust_12": ["facil_10", "facil_11", "facil_38", "facil_58", "facil_65"], "cust_13": ["facil_11", "facil_14", "facil_35", "facil_38", "facil_53", "facil_65"], "cust_14": ["facil_12", "facil_26", "facil_58", "facil_72"], "cust_15": ["facil_2", "facil_4", "facil_6", "facil_16", "facil_23", "facil_49", "facil_56", "facil_63"], "cust_16": ["facil_17", "facil_26", "facil_34", "facil_46", "facil_67", "facil_68", "facil_75"], "cust_17": ["facil_9", "facil_18", "facil_25", "facil_50", "facil_55"], "cust_18": ["facil_21", "facil_28", "facil_29", "facil_30", "facil_47", "facil_48", "facil_74"], "cust_19": ["facil_9", "facil_25", "facil_55"], "cust_20": ["facil_9", "facil_18", "facil_25", "facil_50", "facil_55"], "cust_21": ["facil_13", "facil_15", "facil_27", "facil_57"], "cust_22": ["facil_22", "facil_41", "facil_42", "facil_43"], "cust_23": ["facil_11", "facil_14", "facil_53", "facil_59"], "cust_24": ["facil_26", "facil_27", "facil_34", "facil_35", "facil_46", "facil_52", "facil_67", "facil_75"], "cust_25": ["facil_21", "facil_29", "facil_30", "facil_45", "facil_47", "facil_48", "facil_74"], "cust_26": ["facil_11", "facil_14", "facil_19", "facil_35", "facil_53"], "cust_27": ["facil_13", "facil_15", "facil_27", "facil_29", "facil_45", "facil_57"], "cust_28": ["facil_25", "facil_32", "facil_39", "facil_40", "facil_50", "facil_72"], "cust_29": ["facil_10", "facil_38", "facil_65"], "cust_30": ["facil_65"], "cust_31": ["facil_28", "facil_30", "facil_62", "facil_73", "facil_74"], "cust_32": ["facil_16", "facil_17", "facil_32", "facil_40", "facil_44", "facil_51"], "cust_33": ["facil_4", "facil_6"], "cust_34": ["facil_4", "facil_6", "facil_8", "facil_16", "facil_24", "facil_49"], "cust_35": ["facil_60"], "cust_36": ["facil_3", "facil_7", "facil_8", "facil_9", "facil_18", "facil_24"], "cust_37": ["facil_17", "facil_26", "facil_51", "facil_67", "facil_68", "facil_75"], "cust_38": ["facil_10", "facil_11", "facil_38", "facil_58", "facil_65"], "cust_39": ["facil_11", "facil_14", "facil_19", "facil_35", "facil_53", "facil_59"], "cust_40": ["facil_5", "facil_41", "facil_42", "facil_43"], "cust_41": ["facil_21", "facil_28", "facil_30", "facil_62", "facil_73", "facil_74"], "cust_42": ["facil_18", "facil_25", "facil_32", "facil_44", "facil_50"], "cust_43": ["facil_1", "facil_2", "facil_5", "facil_23", "facil_41", "facil_42", "facil_43", "facil_56"], "cust_44": ["facil_15", "facil_20", "facil_29", "facil_36", "facil_37", "facil_47", "facil_48", "facil_57"], "cust_45": ["facil_9", "facil_18", "facil_55"], "cust_46": ["facil_21", "facil_28", "facil_61", "facil_62", "facil_74"], "cust_47": ["facil_29", "facil_30", "facil_45", "facil_48", "facil_68", "facil_74"], "cust_48": ["facil_10", "facil_31", "facil_38", "facil_58", "facil_72"], "cust_49": ["facil_16", "facil_17", "facil_40", "facil_44", "facil_51"], "cust_50": ["facil_16", "facil_23", "facil_33", "facil_49", "facil_63", "facil_73"], "cust_51": ["facil_13", "facil_19", "facil_27", "facil_35", "facil_52", "facil_54"], "cust_52": ["facil_60", "facil_70", "facil_71"], "cust_53": ["facil_26", "facil_34", "facil_35", "facil_46", "facil_67"], "cust_54": ["facil_1", "facil_2", "facil_5", "facil_41", "facil_42", "facil_43", "facil_56"], "cust_55": ["facil_10", "facil_31", "facil_39", "facil_58", "facil_72"], "cust_56": ["facil_13", "facil_15", "facil_27", "facil_29", "facil_30", "facil_34", "facil_45", "facil_48", "facil_52"], "cust_57": ["facil_15", "facil_20", "facil_37", "facil_57"], "cust_58": ["facil_10", "facil_31", "facil_39", "facil_58", "facil_72"], "cust_59": ["facil_12", "facil_17", "facil_26", "facil_40", "facil_51", "facil_67", "facil_75"], "cust_60": ["facil_11", "facil_38", "facil_53", "facil_58", "facil_65"], "cust_61": ["facil_20", "facil_36", "facil_37", "facil_47", "facil_60", "facil_69", "facil_70", "facil_71"], "cust_62": ["facil_20", "facil_36", "facil_37", "facil_60", "facil_70", "facil_71"], "cust_63": ["facil_20", "facil_37", "facil_60", "facil_70", "facil_71"], "cust_64": ["facil_19", "facil_34", "facil_35", "facil_46", "facil_52", "facil_53"], "cust_65": ["facil_20"], "cust_66": ["facil_13", "facil_15", "facil_27", "facil_29", "facil_45", "facil_52", "facil_57"], "cust_67": ["facil_20", "facil_36", "facil_37", "facil_60", "facil_70", "facil_71"], "cust_68": ["facil_13", "facil_19", "facil_27", "facil_34", "facil_35", "facil_46", "facil_52", "facil_54"], "cust_69": ["facil_26", "facil_35", "facil_53"], "cust_70": ["facil_15", "facil_21", "facil_29", "facil_36", "facil_37", "facil_47", "facil_48"], "cust_71": ["facil_11", "facil_14", "facil_53", "facil_59"], "cust_72": ["facil_11", "facil_14", "facil_35", "facil_53"], "cust_73": ["facil_3", "facil_7", "facil_8", "facil_9", "facil_18", "facil_24", "facil_50"], "cust_74": ["facil_11", "facil_14", "facil_38", "facil_53", "facil_65"], "cust_75": ["facil_19", "facil_34", "facil_35", "facil_46", "facil_53"], "cust_76": ["facil_25", "facil_55"], "cust_77": ["facil_17", "facil_26", "facil_30", "facil_51", "facil_67", "facil_68", "facil_75"], "cust_78": ["facil_11", "facil_14", "facil_38", "facil_53", "facil_65", "facil_66"], "cust_79": ["facil_21", "facil_36", "facil_47", "facil_69", "facil_71"], "cust_80": ["facil_3", "facil_4", "facil_6", "facil_7", "facil_8", "facil_24", "facil_49"], "cust_81": ["facil_15", "facil_27", "facil_29", "facil_45", "facil_48", "facil_57"], "cust_82": ["facil_17", "facil_26", "facil_34", "facil_46", "facil_67", "facil_68", "facil_75"], "cust_83": ["facil_16", "facil_17", "facil_32", "facil_40", "facil_44", "facil_51"], "cust_84": ["facil_29", "facil_30", "facil_45", "facil_47", "facil_48", "facil_74"], "cust_85": ["facil_1", "facil_2", "facil_5", "facil_41", "facil_56"], "cust_86": ["facil_13", "facil_15", "facil_27", "facil_29", "facil_45", "facil_52", "facil_57"], "cust_87": ["facil_10", "facil_31", "facil_39", "facil_72"], "cust_88": ["facil_10", "facil_31", "facil_39", "facil_72"], "cust_89": ["facil_11", "facil_65", "facil_66"], "cust_90": ["facil_16", "facil_33", "facil_51", "facil_62", "facil_63", "facil_68", "facil_73"], "cust_91": ["facil_1", "facil_2", "facil_4", "facil_5", "facil_6", "facil_23", "facil_49", "facil_56", "facil_63"], "cust_92": ["facil_12", "facil_17", "facil_26", "facil_34", "facil_46", "facil_67", "facil_68", "facil_75"], "cust_93": ["facil_26", "facil_35", "facil_46", "facil_53", "facil_67"], "cust_94": ["facil_1", "facil_2", "facil_4", "facil_5", "facil_6", "facil_23", "facil_49", "facil_56"], "cust_95": ["facil_12", "facil_16", "facil_17", "facil_32", "facil_40", "facil_44", "facil_51"], "cust_96": ["facil_2", "facil_4", "facil_6", "facil_23", "facil_24", "facil_49", "facil_56"], "cust_97": ["facil_3", "facil_4", "facil_6", "facil_7", "facil_8", "facil_24"], "cust_98": ["facil_13", "facil_19", "facil_54"], "cust_99": ["facil_15", "facil_27", "facil_29", "facil_45", "facil_48"], "cust_100": ["facil_2", "facil_5", "facil_23", "facil_41", "facil_42", "facil_43", "facil_56", "facil_63"], "cust_101": ["facil_10", "facil_39", "facil_58", "facil_72"], "cust_102": ["facil_20", "facil_36", "facil_37", "facil_47", "facil_60", "facil_69", "facil_70", "facil_71"], "cust_103": ["facil_30", "facil_33", "facil_51", "facil_68", "facil_75"], "cust_104": ["facil_30", "facil_33", "facil_51", "facil_68", "facil_73", "facil_75"], "cust_105": ["facil_7", "facil_9", "facil_18"], "cust_106": ["facil_11", "facil_38", "facil_53", "facil_65", "facil_66"], "cust_107": ["facil_13", "facil_19", "facil_27", "facil_54"], "cust_108": ["facil_17", "facil_26", "facil_34", "facil_46", "facil_67", "facil_68", "facil_75"], "cust_109": ["facil_13", "facil_27", "facil_34", "facil_45", "facil_46", "facil_52"], "cust_110": ["facil_13", "facil_15", "facil_27", "facil_29", "facil_45", "facil_57"], "cust_111": ["facil_21", "facil_28", "facil_30", "facil_48", "facil_62", "facil_74"], "cust_112": ["facil_15", "facil_27", "facil_29", "facil_45", "facil_48"], "cust_113": ["facil_19", "facil_34", "facil_35", "facil_46", "facil_52", "facil_54"], "cust_114": ["facil_1", "facil_2", "facil_5", "facil_6", "facil_56"], "cust_115": ["facil_2", "facil_4", "facil_6", "facil_16", "facil_23", "facil_49", "facil_56", "facil_63"], "cust_116": ["facil_1", "facil_2", "facil_4", "facil_5", "facil_6", "facil_23", "facil_41", "facil_56"], "cust_117": ["facil_1", "facil_2", "facil_5", "facil_23", "facil_41", "facil_42", "facil_43", "facil_56"], "cust_118": ["facil_12", "facil_17", "facil_26", "facil_39", "facil_40", "facil_72"], "cust_119": ["facil_22", "facil_41", "facil_42", "facil_43"], "cust_120": ["facil_31"], "cust_121": ["facil_1", "facil_5", "facil_41"], "cust_122": ["facil_30", "facil_45", "facil_48", "facil_68", "facil_74", "facil_75"], "cust_123": ["facil_10", "facil_11", "facil_38", "facil_58", "facil_65", "facil_66"], "cust_124": ["facil_11", "facil_14", "facil_53", "facil_59", "facil_66"], "cust_125": ["facil_1", "facil_6"], "cust_126": ["facil_9", "facil_25", "facil_55"], "cust_127": ["facil_61"], "cust_128": ["facil_1", "facil_2", "facil_4", "facil_6", "facil_23", "facil_56"], "cust_129": ["facil_13", "facil_15", "facil_27", "facil_54", "facil_57"], "cust_130": ["facil_11", "facil_14", "facil_19", "facil_35", "facil_53"], "cust_131": ["facil_13", "facil_19", "facil_27", "facil_34", "facil_35", "facil_46", "facil_52"], "cust_132": ["facil_17", "facil_30", "facil_51", "facil_67", "facil_68", "facil_75"], "cust_133": ["facil_25", "facil_32", "facil_50"], "cust_134": ["facil_13", "facil_15", "facil_54", "facil_57"], "cust_135": ["facil_14", "facil_19", "facil_35", "facil_46", "facil_53"], "cust_136": ["facil_25", "facil_39", "facil_72"], "cust_137": ["facil_21", "facil_28", "facil_30", "facil_62", "facil_74"], "cust_138": ["facil_2", "facil_4", "facil_5", "facil_6", "facil_23", "facil_43", "facil_49", "facil_56", "facil_63"], "cust_139": ["facil_36", "facil_60", "facil_70", "facil_71"], "cust_140": ["facil_12", "facil_32", "facil_39", "facil_40", "facil_58", "facil_72"], "cust_141": ["facil_12", "facil_17", "facil_32", "facil_40", "facil_44", "facil_51"], "cust_142": ["facil_8", "facil_9", "facil_18", "facil_24", "facil_32", "facil_44", "facil_50"], "cust_143": ["facil_13", "facil_15", "facil_27", "facil_29", "facil_34", "facil_45", "facil_52", "facil_57"], "cust_144": ["facil_8", "facil_16", "facil_24", "facil_44", "facil_49"], "cust_145": ["facil_30", "facil_45", "facil_67", "facil_68", "facil_75"], "cust_146": ["facil_66"], "cust_147": ["facil_15", "facil_20", "facil_36", "facil_37", "facil_70"], "cust_148": ["facil_10", "facil_39", "facil_58", "facil_72"], "cust_149": ["facil_10", "facil_38", "facil_39", "facil_58", "facil_72"], "cust_150": ["facil_13", "facil_27", "facil_34", "facil_35", "facil_45", "facil_46", "facil_52", "facil_67"], "cust_151": ["facil_13", "facil_19", "facil_27", "facil_52", "facil_54"], "cust_152": ["facil_10", "facil_31", "facil_38", "facil_65"], "cust_153": ["facil_12", "facil_26", "facil_34", "facil_35", "facil_46", "facil_67"], "cust_154": ["facil_16", "facil_44", "facil_49", "facil_63"], "cust_155": ["facil_26", "facil_34", "facil_45", "facil_46", "facil_52", "facil_67", "facil_68", "facil_75"], "cust_156": ["facil_21", "facil_28", "facil_29", "facil_30", "facil_47", "facil_48", "facil_74"], "cust_157": ["facil_3", "facil_4", "facil_6", "facil_8", "facil_24", "facil_49"], "cust_158": ["facil_12", "facil_17", "facil_32", "facil_39", "facil_40", "facil_44", "facil_72"], "cust_159": ["facil_15", "facil_20", "facil_36", "facil_37", "facil_57", "facil_70"], "cust_160": ["facil_20", "facil_36", "facil_37", "facil_60", "facil_70", "facil_71"], "cust_161": ["facil_22", "facil_41", "facil_42", "facil_43", "facil_64"], "cust_162": ["facil_3", "facil_7", "facil_8"], "cust_163": ["facil_20", "facil_36", "facil_37", "facil_47", "facil_60", "facil_70", "facil_71"], "cust_164": ["facil_10", "facil_38", "facil_58", "facil_65", "facil_72"], "cust_165": ["facil_21", "facil_36", "facil_47", "facil_69", "facil_71"], "cust_166": ["facil_20", "facil_60", "facil_70", "facil_71"], "cust_167": ["facil_1", "facil_2", "facil_5", "facil_23", "facil_41", "facil_42", "facil_43", "facil_56"], "cust_168": ["facil_21", "facil_36", "facil_37", "facil_47", "facil_48"], "cust_169": ["facil_17", "facil_26", "facil_51", "facil_67", "facil_68", "facil_75"], "cust_170": ["facil_11", "facil_14", "facil_53", "facil_66"], "cust_171": ["facil_14", "facil_19", "facil_34", "facil_35", "facil_46", "facil_52", "facil_53", "facil_54"], "cust_172": ["facil_3", "facil_7", "facil_8", "facil_9", "facil_18", "facil_24"], "cust_173": ["facil_11", "facil_14", "facil_38", "facil_53", "facil_65", "facil_66"], "cust_174": ["facil_1", "facil_5", "facil_41", "facil_42", "facil_43"], "cust_175": ["facil_12", "facil_17", "facil_26", "facil_40", "facil_51", "facil_67", "facil_68", "facil_75"], "cust_176": ["facil_15", "facil_29", "facil_37", "facil_45", "facil_47", "facil_48"], "cust_177": ["facil_3", "facil_7", "facil_8", "facil_18", "facil_24", "facil_49", "facil_50"], "cust_178": ["facil_22", "facil_33", "facil_42", "facil_43", "facil_62", "facil_63", "facil_73"], "cust_179": ["facil_10", "facil_38", "facil_58", "facil_65", "facil_72"], "cust_180": ["facil_13", "facil_27", "facil_34", "facil_45", "facil_46", "facil_52"], "cust_181": ["facil_12", "facil_26", "facil_40", "facil_58", "facil_72"], "cust_182": ["facil_11", "facil_38", "facil_65", "facil_66"], "cust_183": ["facil_16", "facil_33", "facil_51", "facil_63", "facil_73"], "cust_184": ["facil_9", "facil_18", "facil_25", "facil_32", "facil_44", "facil_50"], "cust_185": ["facil_12", "facil_17", "facil_26", "facil_40", "facil_58", "facil_72"], "cust_186": ["facil_12", "facil_32", "facil_39", "facil_40", "facil_58", "facil_72"], "cust_187": ["facil_21", "facil_28", "facil_61", "facil_74"], "cust_188": ["facil_2", "facil_4", "facil_6", "facil_23", "facil_24", "facil_49", "facil_56"], "cust_189": ["facil_14", "facil_19", "facil_35", "facil_53"], "cust_190": ["facil_12", "facil_17", "facil_26", "facil_40", "facil_51", "facil_75"], "cust_191": ["facil_20", "facil_37", "facil_60", "facil_70", "facil_71"], "cust_192": ["facil_12", "facil_32", "facil_39", "facil_40", "facil_44", "facil_72"], "cust_193": ["facil_16", "facil_23", "facil_33", "facil_49", "facil_51", "facil_63", "facil_73"], "cust_194": ["facil_1", "facil_2", "facil_4", "facil_5", "facil_6", "facil_23", "facil_49", "facil_56"], "cust_195": ["facil_13", "facil_15", "facil_27", "facil_29", "facil_37", "facil_45", "facil_57"], "cust_196": ["facil_22", "facil_33", "facil_42", "facil_43", "facil_62", "facil_63", "facil_73"], "cust_197": ["facil_10", "facil_11", "facil_38", "facil_53", "facil_58", "facil_65"], "cust_198": ["facil_22", "facil_28", "facil_61"], "cust_199": ["facil_15", "facil_20", "facil_57"], "cust_200": ["facil_25", "facil_39"], "cust_201": ["facil_9", "facil_18", "facil_50", "facil_55"], "cust_202": ["facil_25", "facil_32", "facil_39", "facil_72"], "cust_203": ["facil_21", "facil_22", "facil_28", "facil_62", "facil_74"], "cust_204": ["facil_9", "facil_18", "facil_25", "facil_50"], "cust_205": ["facil_15", "facil_29", "facil_37", "facil_45", "facil_47", "facil_48", "facil_57"], "cust_206": ["facil_18", "facil_25", "facil_50", "facil_55"], "cust_207": ["facil_17", "facil_26", "facil_51", "facil_67", "facil_68", "facil_75"], "cust_208": ["facil_55"], "cust_209": ["facil_20", "facil_36", "facil_60", "facil_70", "facil_71"], "cust_210": ["facil_26", "facil_34", "facil_35", "facil_46", "facil_52", "facil_53", "facil_67"], "cust_211": ["facil_11", "facil_14", "facil_53", "facil_59"], "cust_212": ["facil_29", "facil_30", "facil_45", "facil_48", "facil_68", "facil_74"], "cust_213": ["facil_15", "facil_20", "facil_36", "facil_37", "facil_47", "facil_70"], "cust_214": ["facil_1", "facil_2", "facil_5", "facil_56"], "cust_215": ["facil_10", "facil_12", "facil_39", "facil_40", "facil_58", "facil_72"], "cust_216": ["facil_27", "facil_29", "facil_30", "facil_45", "facil_48", "facil_74"], "cust_217": ["facil_12", "facil_39", "facil_40", "facil_58", "facil_72"], "cust_218": ["facil_13", "facil_19", "facil_27", "facil_52", "facil_54"], "cust_219": ["facil_2", "facil_4", "facil_6", "facil_16", "facil_23", "facil_49", "facil_56", "facil_63"], "cust_220": ["facil_1", "facil_2", "facil_5", "facil_23", "facil_41", "facil_42", "facil_43", "facil_56"], "cust_221": ["facil_20", "facil_60", "facil_70"], "cust_222": ["facil_15", "facil_21", "facil_29", "facil_36", "facil_37", "facil_47", "facil_48"], "cust_223": ["facil_27", "facil_29", "facil_30", "facil_34", "facil_45", "facil_52", "facil_67", "facil_68", "facil_75"], "cust_224": ["facil_1", "facil_2", "facil_4", "facil_5", "facil_6", "facil_23", "facil_56"], "cust_225": ["facil_3", "facil_4", "facil_6", "facil_8", "facil_24"]}